,0,1,2,3,4,5,6,7,8,9,10,11,12,13,14,15,16,17,18,19,20,21,22,23,24,25,26,27,28,29,30,31,32,33,34,35,36,37,38,39,40,41,42,43,44,45,46,47,48,49,50,51,52,53,54,55,56,57,58,59,60,61,62,63,64,65,66,67,68,69,70,71,72,73,74,75,76,77,78,79,80,81,82,83,84,85,86,87,88,89,90,91,92,93,94,95,96,97,98,99
0,0.019,0.08229,0.14558,0.20886999999999997,0.27216,0.33545,0.39874,0.46203,0.52532,0.58861,0.6519,0.71519,0.77848,0.84177,0.90506,0.96835,1.03164,1.09493,1.1582199999999998,1.2215099999999999,1.2848,1.3480899999999998,1.4113799999999999,1.47467,1.5379599999999998,1.6012499999999998,1.66454,1.72783,1.7911199999999998,1.85441,1.9177,1.9809899999999998,2.04428,2.10757,2.1708600000000002,2.23415,2.29744,2.36073,2.42402,2.48731,2.5506,2.61389,2.67718,2.74047,2.80376,2.86705,2.93034,2.99363,3.05692,3.12021,3.1835,3.2467900000000003,3.31008,3.37337,3.4366600000000003,3.49995,3.56324,3.6265300000000003,3.68982,3.75311,3.8164000000000002,3.87969,3.94298,4.00627,4.06956,4.13285,4.19614,4.25943,4.32272,4.38601,4.4493,4.51259,4.57588,4.63917,4.70246,4.76575,4.82904,4.89233,4.95562,5.01891,5.0822,5.14549,5.20878,5.27207,5.33536,5.39865,5.46194,5.52523,5.58852,5.65181,5.7151,5.77839,5.84168,5.90497,5.96826,6.03155,6.09484,6.15813,6.22142,6.2847100000000005
1,-0.4530000000000002,-0.3741400000000002,-0.2952800000000002,-0.21642000000000017,-0.13756000000000018,-0.058700000000000196,0.020159999999999845,0.09901999999999977,0.17787999999999982,0.25673999999999986,0.3355999999999998,0.41445999999999983,0.49331999999999987,0.5721799999999998,0.6510399999999997,0.7298999999999999,0.8087599999999998,0.8876199999999997,0.9664799999999999,1.04534,1.1241999999999996,1.2030599999999998,1.28192,1.3607799999999997,1.4396399999999998,1.5185,1.5973599999999997,1.6762199999999998,1.7550799999999995,1.8339399999999997,1.9127999999999998,1.9916599999999995,2.0705199999999997,2.14938,2.2282399999999996,2.3070999999999997,2.38596,2.4648199999999996,2.5436799999999997,2.62254,2.7013999999999996,2.7802599999999997,2.85912,2.9379799999999996,3.0168399999999997,3.0957,3.1745599999999996,3.2534199999999998,3.33228,3.4111399999999996,3.4899999999999998,3.56886,3.6477199999999996,3.7265799999999993,3.80544,3.8842999999999996,3.9631599999999993,4.04202,4.12088,4.199739999999999,4.2786,4.35746,4.436319999999999,4.51518,4.59404,4.672899999999999,4.75176,4.83062,4.909479999999999,4.98834,5.0672,5.146059999999999,5.22492,5.30378,5.382639999999999,5.4615,5.54036,5.619219999999999,5.69808,5.77694,5.8557999999999995,5.93466,6.01352,6.0923799999999995,6.17124,6.2501,6.3289599999999995,6.40782,6.48668,6.5655399999999995,6.6444,6.72326,6.8021199999999995,6.88098,6.95984,7.0386999999999995,7.11756,7.19642,7.2752799999999995,7.354139999999999
2,0.042,0.12272000000000002,0.20344000000000004,0.28416,0.36488000000000004,0.44560000000000005,0.5263200000000001,0.6070400000000001,0.6877600000000001,0.7684800000000002,0.8492000000000002,0.9299200000000002,1.0106400000000002,1.09136,1.1720800000000002,1.2528000000000004,1.3335200000000003,1.4142400000000002,1.4949600000000003,1.5756800000000004,1.6564000000000003,1.7371200000000002,1.8178400000000003,1.8985600000000005,1.9792800000000004,2.06,2.14072,2.2214400000000003,2.30216,2.38288,2.4636000000000005,2.5443200000000004,2.6250400000000003,2.70576,2.78648,2.8672000000000004,2.9479200000000003,3.02864,3.1093600000000006,3.1900800000000005,3.2708000000000004,3.3515200000000003,3.43224,3.5129600000000005,3.5936800000000004,3.6744000000000003,3.7551200000000007,3.8358400000000006,3.9165600000000005,3.9972800000000004,4.078,4.158720000000001,4.23944,4.3201600000000004,4.400880000000001,4.4816,4.562320000000001,4.643040000000001,4.72376,4.804480000000001,4.885200000000001,4.965920000000001,5.046640000000001,5.12736,5.208080000000001,5.288800000000001,5.3695200000000005,5.450240000000001,5.53096,5.611680000000001,5.692400000000001,5.7731200000000005,5.853840000000001,5.934560000000001,6.015280000000001,6.096000000000001,6.176720000000001,6.257440000000001,6.338160000000001,6.418880000000001,6.499600000000001,6.580320000000001,6.661040000000001,6.741760000000001,6.8224800000000005,6.903200000000001,6.983920000000001,7.064640000000001,7.145360000000001,7.226080000000001,7.306800000000001,7.387520000000001,7.4682400000000015,7.548960000000001,7.629680000000001,7.710400000000001,7.791120000000001,7.8718400000000015,7.952560000000001,8.033280000000001
3,0.042,0.11234000000000002,0.18268000000000004,0.25302,0.32336000000000004,0.39370000000000005,0.46404000000000006,0.5343800000000001,0.6047200000000001,0.6750600000000002,0.7454000000000002,0.8157400000000001,0.8860800000000002,0.9564200000000003,1.0267600000000001,1.0971000000000002,1.1674400000000003,1.2377800000000003,1.3081200000000004,1.3784600000000002,1.4488000000000003,1.5191400000000004,1.5894800000000002,1.6598200000000003,1.7301600000000004,1.8005000000000004,1.8708400000000005,1.9411800000000003,2.0115200000000004,2.0818600000000003,2.1522,2.2225400000000004,2.2928800000000003,2.36322,2.4335600000000004,2.5039000000000002,2.5742400000000005,2.6445800000000004,2.71492,2.7852600000000005,2.8556000000000004,2.92594,2.9962800000000005,3.0666200000000003,3.13696,3.2073000000000005,3.2776400000000003,3.3479800000000006,3.4183200000000005,3.4886600000000003,3.5590000000000006,3.6293400000000005,3.6996800000000007,3.7700200000000006,3.8403600000000004,3.9107000000000007,3.9810400000000006,4.051380000000001,4.121720000000001,4.192060000000001,4.2624,4.33274,4.403080000000001,4.473420000000001,4.543760000000001,4.6141000000000005,4.68444,4.754780000000001,4.825120000000001,4.895460000000001,4.965800000000001,5.0361400000000005,5.106480000000001,5.176820000000001,5.247160000000001,5.317500000000001,5.387840000000001,5.4581800000000005,5.528520000000001,5.598860000000001,5.669200000000001,5.739540000000001,5.809880000000001,5.880220000000001,5.950560000000001,6.020900000000001,6.091240000000001,6.161580000000001,6.231920000000001,6.302260000000001,6.372600000000001,6.442940000000001,6.513280000000001,6.583620000000001,6.653960000000001,6.724300000000001,6.794640000000001,6.864980000000001,6.935320000000001,7.0056600000000016
4,0.043,0.09278999999999998,0.14257999999999998,0.19236999999999999,0.24216,0.29195,0.34173999999999993,0.39152999999999993,0.44131999999999993,0.49110999999999994,0.5408999999999999,0.5906899999999999,0.6404799999999999,0.6902699999999999,0.7400599999999999,0.7898499999999999,0.8396399999999999,0.8894299999999999,0.9392199999999999,0.98901,1.0388,1.0885899999999997,1.1383799999999997,1.1881699999999997,1.2379599999999997,1.2877499999999997,1.3375399999999997,1.3873299999999997,1.4371199999999997,1.4869099999999997,1.5366999999999997,1.5864899999999997,1.6362799999999997,1.6860699999999997,1.7358599999999997,1.7856499999999997,1.8354399999999997,1.8852299999999997,1.9350199999999997,1.9848099999999997,2.0345999999999997,2.08439,2.1341799999999997,2.18397,2.2337599999999997,2.28355,2.3333399999999997,2.38313,2.4329199999999997,2.48271,2.5324999999999998,2.58229,2.6320799999999998,2.68187,2.7316599999999998,2.78145,2.8312399999999998,2.88103,2.9308199999999998,2.98061,3.0303999999999998,3.08019,3.1299799999999998,3.17977,3.2295599999999998,3.2793499999999995,3.3291399999999998,3.3789299999999995,3.4287199999999998,3.4785099999999995,3.5282999999999998,3.5780899999999995,3.6278799999999998,3.6776699999999996,3.7274599999999998,3.7772499999999996,3.8270399999999998,3.8768299999999996,3.9266199999999998,3.9764099999999996,4.026199999999999,4.07599,4.12578,4.17557,4.225359999999999,4.27515,4.32494,4.37473,4.424519999999999,4.47431,4.5241,4.57389,4.623679999999999,4.67347,4.72326,4.77305,4.822839999999999,4.872629999999999,4.92242,4.97221
5,0.169,0.23423000000000002,0.29946000000000006,0.36469000000000007,0.4299200000000001,0.4951500000000001,0.5603800000000001,0.6256100000000001,0.6908400000000001,0.7560700000000001,0.8213000000000001,0.8865300000000002,0.9517600000000002,1.01699,1.0822200000000002,1.14745,1.2126800000000002,1.2779100000000003,1.3431400000000002,1.4083700000000001,1.4736000000000002,1.5388300000000004,1.6040600000000003,1.6692900000000002,1.7345200000000003,1.7997500000000004,1.8649800000000003,1.9302100000000002,1.9954400000000003,2.0606700000000004,2.1259,2.1911300000000002,2.2563600000000004,2.3215900000000005,2.3868200000000006,2.4520500000000003,2.5172800000000004,2.5825100000000005,2.64774,2.7129700000000003,2.7782000000000004,2.8434300000000006,2.9086600000000007,2.9738900000000004,3.0391200000000005,3.1043500000000006,3.1695800000000003,3.2348100000000004,3.3000400000000005,3.3652700000000006,3.4305000000000008,3.4957300000000004,3.5609600000000006,3.6261900000000007,3.6914200000000004,3.7566500000000005,3.8218800000000006,3.8871100000000007,3.952340000000001,4.01757,4.082800000000001,4.14803,4.21326,4.278490000000001,4.34372,4.40895,4.4741800000000005,4.53941,4.604640000000001,4.66987,4.7351,4.800330000000001,4.86556,4.93079,4.996020000000001,5.06125,5.12648,5.1917100000000005,5.25694,5.322170000000001,5.3874,5.45263,5.517860000000001,5.58309,5.648320000000001,5.713550000000001,5.77878,5.844010000000001,5.9092400000000005,5.97447,6.039700000000001,6.10493,6.17016,6.235390000000001,6.30062,6.365850000000001,6.431080000000001,6.49631,6.561540000000001,6.6267700000000005
6,0.078,0.12586999999999998,0.17374,0.22160999999999997,0.26948,0.31734999999999997,0.36522,0.41309,0.46096,0.5088299999999999,0.5567,0.6045699999999999,0.6524399999999999,0.7003099999999999,0.74818,0.7960499999999999,0.8439199999999999,0.8917899999999999,0.9396599999999998,0.9875299999999999,1.0353999999999999,1.08327,1.13114,1.17901,1.22688,1.27475,1.32262,1.37049,1.41836,1.46623,1.5141,1.5619699999999999,1.60984,1.65771,1.7055799999999999,1.75345,1.8013199999999998,1.84919,1.89706,1.9449299999999998,1.9928,2.04067,2.0885399999999996,2.1364099999999997,2.1842799999999998,2.23215,2.2800199999999995,2.3278899999999996,2.3757599999999996,2.4236299999999997,2.4715,2.5193699999999994,2.5672399999999995,2.6151099999999996,2.6629799999999997,2.7108499999999998,2.75872,2.8065899999999995,2.8544599999999996,2.9023299999999996,2.9501999999999997,2.99807,3.0459399999999994,3.0938099999999995,3.1416799999999996,3.1895499999999997,3.2374199999999997,3.2852899999999994,3.3331599999999995,3.3810299999999995,3.4288999999999996,3.4767699999999997,3.5246399999999993,3.5725099999999994,3.6203799999999995,3.6682499999999996,3.7161199999999996,3.7639899999999997,3.8118599999999994,3.8597299999999994,3.9075999999999995,3.9554699999999996,4.00334,4.051209999999999,4.09908,4.14695,4.19482,4.24269,4.29056,4.33843,4.3863,4.43417,4.48204,4.52991,4.57778,4.62565,4.67352,4.7213899999999995,4.76926,4.81713
7,0.069,0.10350000000000001,0.138,0.17250000000000001,0.20700000000000002,0.24150000000000002,0.276,0.3105,0.34500000000000003,0.3795,0.41400000000000003,0.44850000000000007,0.48300000000000004,0.5175000000000001,0.552,0.5865,0.621,0.6555,0.69,0.7245000000000001,0.7590000000000001,0.7935000000000001,0.8280000000000001,0.8625,0.897,0.9315,0.966,1.0005000000000002,1.0350000000000001,1.0695000000000001,1.104,1.1385,1.173,1.2075,1.242,1.2765,1.311,1.3455000000000001,1.3800000000000001,1.4145,1.449,1.4835,1.518,1.5525,1.5870000000000002,1.6215000000000002,1.6560000000000001,1.6905000000000001,1.725,1.7595,1.794,1.8285,1.863,1.8975000000000002,1.9320000000000002,1.9665000000000001,2.0010000000000003,2.0355000000000003,2.0700000000000003,2.1045000000000003,2.1390000000000002,2.1735,2.208,2.2425,2.277,2.3115,2.346,2.3805,2.415,2.4495,2.484,2.5185,2.553,2.5875000000000004,2.6220000000000003,2.6565000000000003,2.6910000000000003,2.7255000000000003,2.7600000000000002,2.7945,2.829,2.8635,2.898,2.9325,2.967,3.0015,3.036,3.0705,3.1050000000000004,3.1395000000000004,3.1740000000000004,3.2085000000000004,3.2430000000000003,3.2775000000000003,3.3120000000000003,3.3465000000000003,3.3810000000000002,3.4155,3.45,3.4845
8,0.101,0.1593,0.21760000000000002,0.27590000000000003,0.3342,0.39249999999999996,0.4508,0.5091,0.5674,0.6256999999999999,0.6839999999999999,0.7423,0.8006,0.8589,0.9171999999999999,0.9754999999999999,1.0338,1.0921,1.1503999999999999,1.2086999999999999,1.267,1.3253,1.3836,1.4419,1.5002,1.5585,1.6168,1.6750999999999998,1.7333999999999998,1.7916999999999998,1.8499999999999999,1.9082999999999999,1.9666,2.0249,2.0832,2.1414999999999997,2.1997999999999998,2.2580999999999998,2.3164,2.3747,2.433,2.4913,2.5496,2.6079,2.6662,2.7245,2.7828,2.8411,2.8994,2.9577,3.016,3.0743,3.1326,3.1909,3.2491999999999996,3.3074999999999997,3.3657999999999997,3.4240999999999997,3.4823999999999997,3.5406999999999997,3.5989999999999998,3.6572999999999998,3.7156,3.7739,3.8322,3.8905,3.9488,4.0071,4.0654,4.1236999999999995,4.1819999999999995,4.2402999999999995,4.2985999999999995,4.3568999999999996,4.4152,4.4735,4.5318,4.5901,4.6484,4.7067,4.765,4.8233,4.8816,4.9399,4.9982,5.0565,5.1148,5.1731,5.2314,5.2897,5.348,5.4063,5.4646,5.5229,5.5812,5.6395,5.6978,5.7561,5.8144,5.8727
9,0.0569999999999999,0.1492799999999999,0.24155999999999989,0.33383999999999986,0.4261199999999999,0.5184,0.6106799999999999,0.7029599999999999,0.79524,0.88752,0.9798,1.07208,1.1643599999999998,1.25664,1.34892,1.4412,1.53348,1.6257599999999999,1.71804,1.81032,1.9026,1.99488,2.08716,2.17944,2.2717199999999997,2.364,2.45628,2.54856,2.64084,2.73312,2.8254,2.91768,3.00996,3.10224,3.19452,3.2868,3.37908,3.47136,3.56364,3.65592,3.7482,3.84048,3.93276,4.02504,4.117319999999999,4.209599999999999,4.30188,4.394159999999999,4.486439999999999,4.57872,4.670999999999999,4.76328,4.85556,4.947839999999999,5.04012,5.1324,5.224679999999999,5.31696,5.40924,5.501519999999999,5.5938,5.68608,5.778359999999999,5.87064,5.9629199999999996,6.055199999999999,6.14748,6.2397599999999995,6.332039999999999,6.42432,6.5165999999999995,6.608879999999999,6.70116,6.7934399999999995,6.885719999999999,6.978,7.0702799999999995,7.162559999999999,7.25484,7.347119999999999,7.4394,7.53168,7.623959999999999,7.71624,7.80852,7.900799999999999,7.99308,8.08536,8.17764,8.26992,8.3622,8.45448,8.54676,8.63904,8.73132,8.8236,8.91588,9.00816,9.10044,9.192720000000001
10,0.034,0.15438,0.27476,0.39513999999999994,0.51552,0.6358999999999999,0.75628,0.87666,0.9970399999999999,1.1174199999999999,1.2377999999999998,1.35818,1.4785599999999999,1.5989399999999998,1.71932,1.8397,1.9600799999999998,2.0804599999999995,2.2008399999999995,2.3212199999999994,2.4415999999999993,2.5619799999999997,2.6823599999999996,2.8027399999999996,2.9231199999999995,3.0434999999999994,3.1638799999999994,3.2842599999999993,3.4046399999999997,3.5250199999999996,3.6453999999999995,3.7657799999999995,3.8861599999999994,4.006539999999999,4.126919999999999,4.247299999999999,4.367679999999999,4.488059999999999,4.608439999999999,4.728819999999999,4.849199999999999,4.96958,5.08996,5.2103399999999995,5.3307199999999995,5.451099999999999,5.571479999999999,5.691859999999999,5.812239999999999,5.932619999999999,6.052999999999999,6.173379999999999,6.293759999999999,6.414139999999999,6.534519999999999,6.654899999999999,6.7752799999999995,6.8956599999999995,7.016039999999999,7.136419999999999,7.256799999999999,7.377179999999999,7.497559999999999,7.617939999999999,7.738319999999999,7.858699999999999,7.979079999999999,8.09946,8.21984,8.34022,8.4606,8.58098,8.70136,8.82174,8.94212,9.0625,9.182879999999999,9.30326,9.423639999999999,9.54402,9.664399999999999,9.78478,9.90516,10.02554,10.14592,10.2663,10.38668,10.50706,10.62744,10.747819999999999,10.8682,10.988579999999999,11.10896,11.229339999999999,11.34972,11.470099999999999,11.59048,11.71086,11.83124,11.95162
11,0.1,0.14471,0.18942000000000003,0.23413000000000003,0.27884000000000003,0.32355,0.36826000000000003,0.41297000000000006,0.4576800000000001,0.5023900000000001,0.5471,0.5918100000000001,0.6365200000000001,0.6812300000000001,0.72594,0.7706500000000001,0.8153600000000001,0.8600700000000001,0.9047800000000001,0.9494900000000001,0.9942000000000001,1.0389100000000002,1.0836200000000002,1.1283300000000003,1.1730400000000003,1.2177500000000003,1.2624600000000004,1.3071700000000002,1.3518800000000002,1.3965900000000002,1.4413000000000002,1.4860100000000003,1.5307200000000003,1.5754300000000003,1.6201400000000004,1.6648500000000004,1.7095600000000004,1.7542700000000004,1.7989800000000002,1.8436900000000003,1.8884000000000003,1.9331100000000003,1.9778200000000004,2.02253,2.0672400000000004,2.11195,2.1566600000000005,2.2013700000000003,2.2460800000000005,2.2907900000000003,2.3355000000000006,2.3802100000000004,2.4249200000000006,2.4696300000000004,2.5143400000000002,2.5590500000000005,2.6037600000000003,2.6484700000000005,2.6931800000000004,2.7378900000000006,2.7826000000000004,2.8273100000000007,2.8720200000000005,2.9167300000000007,2.9614400000000005,3.0061500000000003,3.0508600000000006,3.0955700000000004,3.1402800000000006,3.1849900000000004,3.2297000000000007,3.2744100000000005,3.3191200000000007,3.3638300000000005,3.408540000000001,3.4532500000000006,3.4979600000000004,3.5426700000000007,3.5873800000000005,3.6320900000000007,3.6768000000000005,3.7215100000000008,3.7662200000000006,3.810930000000001,3.8556400000000006,3.900350000000001,3.9450600000000007,3.9897700000000005,4.03448,4.0791900000000005,4.1239,4.16861,4.21332,4.258030000000001,4.30274,4.34745,4.3921600000000005,4.43687,4.48158,4.52629
12,0.205,0.28217,0.35934,0.43650999999999995,0.51368,0.59085,0.66802,0.74519,0.82236,0.8995299999999999,0.9767,1.05387,1.13104,1.20821,1.2853800000000002,1.3625500000000001,1.43972,1.51689,1.59406,1.6712300000000002,1.7484000000000002,1.8255700000000001,1.90274,1.97991,2.05708,2.13425,2.21142,2.28859,2.3657600000000003,2.44293,2.5201000000000002,2.59727,2.67444,2.7516100000000003,2.82878,2.9059500000000003,2.98312,3.06029,3.1374600000000004,3.21463,3.2918000000000003,3.36897,3.44614,3.5233100000000004,3.60048,3.6776500000000003,3.75482,3.8319900000000002,3.90916,3.98633,4.0635,4.14067,4.21784,4.29501,4.37218,4.44935,4.5265200000000005,4.60369,4.68086,4.758030000000001,4.8352,4.91237,4.98954,5.0667100000000005,5.14388,5.22105,5.298220000000001,5.37539,5.45256,5.52973,5.6069,5.68407,5.76124,5.8384100000000005,5.91558,5.99275,6.069920000000001,6.14709,6.22426,6.30143,6.3786000000000005,6.45577,6.53294,6.610110000000001,6.68728,6.76445,6.841620000000001,6.91879,6.99596,7.07313,7.1503000000000005,7.22747,7.30464,7.381810000000001,7.45898,7.53615,7.61332,7.6904900000000005,7.76766,7.84483
13,0.061,0.12913999999999998,0.19727999999999996,0.26541999999999993,0.3335599999999999,0.4016999999999999,0.46983999999999987,0.5379799999999999,0.6061199999999998,0.6742599999999999,0.7423999999999997,0.8105399999999998,0.8786799999999997,0.9468199999999998,1.0149599999999996,1.0830999999999995,1.1512399999999996,1.2193799999999997,1.2875199999999996,1.3556599999999994,1.4237999999999995,1.4919399999999996,1.5600799999999995,1.6282199999999993,1.6963599999999994,1.7644999999999995,1.8326399999999994,1.9007799999999992,1.9689199999999993,2.0370599999999994,2.105199999999999,2.173339999999999,2.2414799999999993,2.3096199999999993,2.3777599999999994,2.445899999999999,2.514039999999999,2.5821799999999993,2.650319999999999,2.718459999999999,2.786599999999999,2.854739999999999,2.9228799999999993,2.991019999999999,3.059159999999999,3.127299999999999,3.1954399999999987,3.263579999999999,3.331719999999999,3.399859999999999,3.467999999999999,3.5361399999999987,3.604279999999999,3.672419999999999,3.7405599999999986,3.8086999999999986,3.8768399999999987,3.944979999999999,4.013119999999999,4.0812599999999986,4.149399999999998,4.217539999999999,4.285679999999998,4.353819999999999,4.421959999999999,4.490099999999998,4.558239999999999,4.626379999999998,4.694519999999999,4.762659999999999,4.830799999999998,4.898939999999999,4.967079999999998,5.035219999999998,5.103359999999999,5.171499999999998,5.239639999999998,5.307779999999998,5.375919999999998,5.444059999999999,5.512199999999998,5.580339999999998,5.648479999999998,5.716619999999998,5.784759999999999,5.852899999999998,5.921039999999998,5.989179999999998,6.057319999999998,6.125459999999998,6.193599999999998,6.261739999999998,6.3298799999999975,6.398019999999998,6.466159999999998,6.534299999999998,6.602439999999998,6.6705799999999975,6.738719999999998,6.806859999999998
14,0.086,0.15885,0.2317,0.30455,0.37739999999999996,0.45024999999999993,0.5231,0.59595,0.6688,0.7416499999999999,0.8144999999999999,0.88735,0.9601999999999999,1.03305,1.1059,1.17875,1.2516,1.3244500000000001,1.3973,1.47015,1.543,1.61585,1.6887,1.76155,1.8344,1.9072500000000001,1.9801,2.05295,2.1258,2.1986499999999998,2.2714999999999996,2.34435,2.4172,2.4900499999999997,2.5629,2.63575,2.7085999999999997,2.78145,2.8543,2.9271499999999997,2.9999999999999996,3.07285,3.1456999999999997,3.2185499999999996,3.2914,3.3642499999999997,3.4370999999999996,3.50995,3.5827999999999998,3.6556499999999996,3.7285,3.80135,3.8741999999999996,3.94705,4.0199,4.0927500000000006,4.1656,4.23845,4.3113,4.38415,4.457,4.529850000000001,4.6027000000000005,4.67555,4.7484,4.82125,4.8941,4.96695,5.0398000000000005,5.11265,5.1855,5.25835,5.3312,5.40405,5.4769000000000005,5.54975,5.6226,5.69545,5.7683,5.84115,5.914,5.9868500000000004,6.0597,6.13255,6.2054,6.27825,6.3511,6.4239500000000005,6.4968,6.56965,6.6425,6.71535,6.7882,6.8610500000000005,6.9339,7.00675,7.0796,7.15245,7.2253,7.29815
15,0.13,0.18168,0.23336,0.28504,0.33672,0.3884,0.44008,0.49176000000000003,0.54344,0.5951200000000001,0.6468,0.6984800000000001,0.75016,0.80184,0.8535200000000001,0.9052000000000001,0.9568800000000001,1.0085600000000001,1.06024,1.11192,1.1636000000000002,1.21528,1.26696,1.3186400000000003,1.37032,1.4220000000000002,1.4736799999999999,1.52536,1.5770400000000002,1.62872,1.6804000000000001,1.7320800000000003,1.78376,1.8354400000000002,1.88712,1.9388,1.9904800000000002,2.04216,2.09384,2.14552,2.1972,2.24888,2.30056,2.35224,2.4039200000000003,2.4556,2.50728,2.55896,2.61064,2.6623200000000002,2.714,2.76568,2.81736,2.86904,2.92072,2.9724,3.02408,3.0757600000000003,3.12744,3.17912,3.2308000000000003,3.28248,3.3341600000000002,3.38584,3.43752,3.4892000000000003,3.54088,3.59256,3.64424,3.69592,3.7476000000000003,3.79928,3.85096,3.9026400000000003,3.95432,4.006,4.05768,4.109360000000001,4.16104,4.21272,4.2644,4.31608,4.3677600000000005,4.41944,4.47112,4.5228,4.57448,4.6261600000000005,4.677840000000001,4.72952,4.7812,4.83288,4.8845600000000005,4.936240000000001,4.98792,5.0396,5.09128,5.14296,5.194640000000001,5.24632
16,0.133,0.20581000000000002,0.27862000000000003,0.35143,0.42424000000000006,0.4970500000000001,0.56986,0.6426700000000001,0.7154800000000001,0.7882900000000002,0.8611000000000002,0.9339100000000001,1.00672,1.07953,1.1523400000000001,1.2251500000000002,1.2979600000000002,1.3707700000000003,1.4435800000000003,1.5163900000000003,1.5892000000000004,1.6620100000000002,1.7348200000000003,1.8076300000000003,1.8804400000000003,1.9532500000000004,2.02606,2.0988700000000007,2.1716800000000003,2.2444900000000003,2.3173000000000004,2.3901100000000004,2.4629200000000004,2.5357300000000005,2.6085400000000005,2.6813500000000006,2.7541600000000006,2.8269700000000006,2.8997800000000007,2.9725900000000007,3.0454000000000008,3.1182100000000004,3.1910200000000004,3.2638300000000005,3.3366400000000005,3.4094500000000005,3.4822600000000006,3.5550700000000006,3.6278800000000007,3.7006900000000007,3.7735000000000007,3.846310000000001,3.919120000000001,3.991930000000001,4.0647400000000005,4.137550000000001,4.2103600000000005,4.283170000000001,4.355980000000001,4.428790000000001,4.501600000000001,4.574410000000001,4.647220000000001,4.720030000000001,4.792840000000001,4.8656500000000005,4.938460000000001,5.011270000000001,5.084080000000001,5.156890000000001,5.229700000000001,5.302510000000001,5.375320000000001,5.448130000000001,5.520940000000001,5.593750000000001,5.666560000000001,5.739370000000001,5.8121800000000015,5.884990000000001,5.9578000000000015,6.030610000000001,6.103420000000001,6.176230000000001,6.249040000000001,6.321850000000001,6.394660000000001,6.467470000000001,6.540280000000001,6.6130900000000015,6.685900000000001,6.7587100000000015,6.831520000000001,6.904330000000002,6.977140000000001,7.049950000000002,7.122760000000001,7.195570000000001,7.268380000000001,7.341190000000001
17,0.022,0.09822999999999998,0.17445999999999995,0.25068999999999997,0.32691999999999993,0.4031499999999999,0.4793799999999999,0.5556099999999998,0.6318399999999998,0.7080699999999999,0.7842999999999998,0.8605299999999998,0.9367599999999998,1.0129899999999996,1.0892199999999996,1.1654499999999997,1.2416799999999997,1.3179099999999997,1.3941399999999997,1.4703699999999995,1.5465999999999995,1.6228299999999996,1.6990599999999996,1.7752899999999996,1.8515199999999996,1.9277499999999994,2.0039799999999994,2.0802099999999992,2.156439999999999,2.2326699999999993,2.308899999999999,2.3851299999999993,2.461359999999999,2.537589999999999,2.613819999999999,2.690049999999999,2.766279999999999,2.842509999999999,2.918739999999999,2.994969999999999,3.071199999999999,3.147429999999999,3.223659999999999,3.2998899999999987,3.376119999999999,3.4523499999999987,3.528579999999999,3.6048099999999987,3.681039999999999,3.7572699999999988,3.8334999999999986,3.909729999999999,3.9859599999999986,4.062189999999999,4.138419999999999,4.214649999999999,4.290879999999999,4.367109999999999,4.443339999999999,4.519569999999999,4.595799999999999,4.672029999999999,4.748259999999999,4.824489999999999,4.900719999999999,4.976949999999999,5.0531799999999985,5.129409999999999,5.205639999999999,5.281869999999999,5.3580999999999985,5.434329999999998,5.510559999999999,5.586789999999999,5.663019999999999,5.739249999999998,5.815479999999998,5.891709999999999,5.967939999999999,6.0441699999999985,6.120399999999998,6.196629999999998,6.272859999999999,6.349089999999999,6.425319999999998,6.501549999999998,6.577779999999998,6.654009999999999,6.7302399999999984,6.806469999999998,6.882699999999998,6.958929999999998,7.0351599999999985,7.111389999999998,7.187619999999998,7.263849999999998,7.340079999999999,7.416309999999998,7.492539999999998,7.568769999999998
18,0.12,0.21166000000000001,0.30332000000000003,0.39498,0.48664,0.5783,0.66996,0.7616200000000001,0.85328,0.94494,1.0366,1.12826,1.2199200000000001,1.3115800000000002,1.4032400000000003,1.4949,1.58656,1.67822,1.7698800000000001,1.8615400000000002,1.9532000000000003,2.04486,2.1365200000000004,2.22818,2.31984,2.4115,2.5031600000000003,2.5948200000000003,2.6864800000000004,2.77814,2.8698,2.96146,3.0531200000000003,3.1447800000000004,3.2364400000000004,3.3281000000000005,3.41976,3.51142,3.6030800000000003,3.6947400000000004,3.7864000000000004,3.8780600000000005,3.96972,4.06138,4.153040000000001,4.2447,4.33636,4.42802,4.51968,4.61134,4.703,4.79466,4.88632,4.9779800000000005,5.069640000000001,5.161300000000001,5.252960000000001,5.344620000000001,5.43628,5.52794,5.6196,5.71126,5.80292,5.89458,5.9862400000000004,6.0779000000000005,6.169560000000001,6.261220000000001,6.352880000000001,6.444540000000001,6.536200000000001,6.62786,6.71952,6.81118,6.90284,6.9945,7.0861600000000005,7.1778200000000005,7.269480000000001,7.361140000000001,7.452800000000001,7.544460000000001,7.636120000000001,7.727780000000001,7.81944,7.9111,8.00276,8.09442,8.18608,8.27774,8.369399999999999,8.46106,8.552719999999999,8.64438,8.73604,8.8277,8.91936,9.01102,9.10268,9.19434
19,0.067,0.1114,0.1558,0.2002,0.24459999999999998,0.289,0.3334,0.37779999999999997,0.42219999999999996,0.46659999999999996,0.5109999999999999,0.5553999999999999,0.5997999999999999,0.6441999999999999,0.6885999999999999,0.7329999999999999,0.7773999999999999,0.8217999999999999,0.8661999999999999,0.9105999999999999,0.9549999999999998,0.9993999999999998,1.0437999999999998,1.0881999999999998,1.1325999999999998,1.1769999999999998,1.2213999999999998,1.2657999999999998,1.3101999999999998,1.3545999999999998,1.3989999999999998,1.4433999999999998,1.4877999999999998,1.5321999999999998,1.5765999999999998,1.6209999999999998,1.6653999999999998,1.7097999999999998,1.7541999999999998,1.7985999999999998,1.8429999999999997,1.8873999999999997,1.9317999999999997,1.9761999999999997,2.0206,2.065,2.1094,2.1538,2.1982,2.2426,2.287,2.3314,2.3758,2.4202,2.4646,2.509,2.5534,2.5978,2.6422,2.6866,2.731,2.7754,2.8198,2.8642,2.9086,2.953,2.9974,3.0418,3.0862,3.1306,3.175,3.2194,3.2638,3.3082,3.3526,3.397,3.4414,3.4858,3.5302,3.5745999999999998,3.6189999999999998,3.6633999999999998,3.7077999999999998,3.7521999999999998,3.7965999999999998,3.8409999999999997,3.8853999999999997,3.9297999999999997,3.9741999999999997,4.018599999999999,4.063,4.1074,4.1518,4.196199999999999,4.2406,4.285,4.3294,4.373799999999999,4.4182,4.4626
20,0.038,0.09688999999999999,0.15577999999999997,0.21466999999999997,0.27355999999999997,0.3324499999999999,0.3913399999999999,0.4502299999999999,0.5091199999999999,0.5680099999999999,0.6268999999999999,0.6857899999999999,0.7446799999999999,0.8035699999999999,0.8624599999999999,0.9213499999999999,0.9802399999999999,1.0391299999999999,1.0980199999999998,1.1569099999999999,1.2157999999999998,1.2746899999999999,1.3335799999999998,1.3924699999999999,1.4513599999999998,1.5102499999999999,1.5691399999999998,1.6280299999999999,1.6869199999999998,1.7458099999999999,1.8046999999999997,1.8635899999999999,1.9224799999999997,1.9813699999999996,2.0402599999999995,2.0991499999999994,2.1580399999999993,2.2169299999999996,2.2758199999999995,2.3347099999999994,2.3935999999999993,2.4524899999999996,2.5113799999999995,2.5702699999999994,2.6291599999999993,2.6880499999999996,2.7469399999999995,2.8058299999999994,2.8647199999999993,2.923609999999999,2.9824999999999995,3.0413899999999994,3.1002799999999993,3.159169999999999,3.2180599999999995,3.2769499999999994,3.3358399999999993,3.394729999999999,3.4536199999999995,3.5125099999999994,3.5713999999999992,3.630289999999999,3.6891799999999995,3.7480699999999993,3.8069599999999992,3.865849999999999,3.924739999999999,3.9836299999999993,4.04252,4.10141,4.160299999999999,4.219189999999999,4.278079999999999,4.33697,4.39586,4.45475,4.51364,4.5725299999999995,4.631419999999999,4.690309999999999,4.749199999999999,4.808089999999999,4.86698,4.92587,4.98476,5.0436499999999995,5.102539999999999,5.161429999999999,5.220319999999999,5.279209999999999,5.3381,5.39699,5.45588,5.5147699999999995,5.573659999999999,5.632549999999999,5.691439999999999,5.750329999999999,5.809219999999999,5.86811
21,0.172,0.21477,0.25754,0.30031,0.34308000000000005,0.38585,0.42862000000000006,0.47139000000000003,0.5141600000000001,0.5569300000000001,0.5997000000000001,0.6424700000000001,0.6852400000000001,0.72801,0.77078,0.8135500000000002,0.8563200000000002,0.8990900000000002,0.9418600000000001,0.9846300000000001,1.0274,1.0701700000000003,1.1129400000000003,1.1557100000000002,1.1984800000000002,1.2412500000000002,1.2840200000000002,1.3267900000000001,1.36956,1.4123300000000003,1.4551000000000003,1.4978700000000003,1.5406400000000002,1.5834100000000002,1.6261800000000002,1.6689500000000002,1.7117200000000004,1.7544900000000003,1.7972600000000003,1.8400300000000003,1.8828000000000003,1.9255700000000002,1.9683400000000004,2.0111100000000004,2.0538800000000004,2.0966500000000003,2.1394200000000003,2.1821900000000007,2.2249600000000007,2.2677300000000007,2.3105000000000007,2.3532700000000006,2.3960400000000006,2.4388100000000006,2.4815800000000006,2.5243500000000005,2.5671200000000005,2.6098900000000005,2.652660000000001,2.695430000000001,2.738200000000001,2.780970000000001,2.823740000000001,2.866510000000001,2.9092800000000008,2.9520500000000007,2.9948200000000007,3.0375900000000007,3.0803600000000007,3.1231300000000006,3.1659000000000006,3.208670000000001,3.251440000000001,3.294210000000001,3.336980000000001,3.379750000000001,3.422520000000001,3.465290000000001,3.508060000000001,3.550830000000001,3.593600000000001,3.6363700000000008,3.6791400000000007,3.7219100000000007,3.764680000000001,3.807450000000001,3.850220000000001,3.892990000000001,3.935760000000001,3.978530000000001,4.021300000000001,4.064070000000001,4.106840000000001,4.149610000000001,4.192380000000001,4.235150000000001,4.277920000000001,4.320690000000001,4.363460000000001,4.406230000000001
22,0.018,0.06303,0.10806,0.15308999999999998,0.19812,0.24315,0.28818,0.33321,0.37824,0.42327000000000004,0.46830000000000005,0.51333,0.55836,0.60339,0.64842,0.69345,0.73848,0.78351,0.82854,0.8735700000000001,0.9186000000000001,0.96363,1.00866,1.05369,1.09872,1.14375,1.18878,1.23381,1.27884,1.32387,1.3689,1.4139300000000001,1.45896,1.50399,1.54902,1.59405,1.63908,1.68411,1.7291400000000001,1.77417,1.8192000000000002,1.86423,1.90926,1.95429,1.99932,2.0443499999999997,2.08938,2.13441,2.1794399999999996,2.2244699999999997,2.2695,2.31453,2.3595599999999997,2.40459,2.44962,2.49465,2.5396799999999997,2.58471,2.62974,2.6747699999999996,2.7197999999999998,2.76483,2.80986,2.8548899999999997,2.89992,2.94495,2.9899799999999996,3.0350099999999998,3.08004,3.12507,3.1700999999999997,3.21513,3.26016,3.3051899999999996,3.3502199999999998,3.39525,3.44028,3.4853099999999997,3.53034,3.57537,3.6204,3.6654299999999997,3.71046,3.75549,3.8005199999999997,3.84555,3.89058,3.93561,3.9806399999999997,4.02567,4.0706999999999995,4.11573,4.16076,4.2057899999999995,4.25082,4.29585,4.340879999999999,4.38591,4.43094,4.47597
23,0.184,0.27390000000000003,0.3638,0.45370000000000005,0.5436000000000001,0.6335,0.7234,0.8133000000000001,0.9032,0.9931000000000001,1.083,1.1729,1.2628000000000001,1.3527,1.4426,1.5325,1.6224,1.7123000000000002,1.8022,1.8921000000000001,1.982,2.0719000000000003,2.1618000000000004,2.2517000000000005,2.3416000000000006,2.4315,2.5214000000000003,2.6113000000000004,2.7012000000000005,2.7911000000000006,2.8810000000000002,2.9709000000000003,3.0608000000000004,3.1507000000000005,3.2406000000000006,3.3305000000000002,3.4204000000000003,3.5103000000000004,3.6002000000000005,3.6901000000000006,3.7800000000000002,3.8699000000000003,3.9598000000000004,4.0497000000000005,4.139600000000001,4.229500000000001,4.319400000000001,4.409300000000001,4.499200000000001,4.5891,4.679,4.7689,4.8588000000000005,4.9487000000000005,5.038600000000001,5.128500000000001,5.218400000000001,5.308300000000001,5.398200000000001,5.4881,5.578,5.6679,5.7578000000000005,5.847700000000001,5.937600000000001,6.027500000000001,6.117400000000001,6.207300000000001,6.297200000000001,6.387100000000001,6.477,6.5669,6.6568000000000005,6.746700000000001,6.836600000000001,6.926500000000001,7.016400000000001,7.106300000000001,7.196200000000001,7.286100000000001,7.376,7.4659,7.5558000000000005,7.645700000000001,7.735600000000001,7.825500000000001,7.915400000000001,8.0053,8.0952,8.1851,8.275,8.3649,8.4548,8.5447,8.6346,8.7245,8.814400000000001,8.9043,8.9942,9.0841
24,-0.0699999999999999,0.006980000000000097,0.08396000000000009,0.16094000000000008,0.23792000000000008,0.31490000000000007,0.39188000000000006,0.46886,0.5458400000000001,0.6228200000000002,0.6998,0.77678,0.8537600000000001,0.9307400000000001,1.00772,1.0847,1.16168,1.23866,1.3156400000000001,1.39262,1.4696,1.54658,1.62356,1.70054,1.77752,1.8545,1.93148,2.00846,2.0854399999999997,2.16242,2.2394,2.31638,2.39336,2.4703399999999998,2.54732,2.6243,2.70128,2.77826,2.85524,2.93222,3.0092,3.0861799999999997,3.16316,3.24014,3.3171199999999996,3.3941,3.4710799999999997,3.54806,3.62504,3.7020199999999996,3.779,3.8559799999999997,3.93296,4.009939999999999,4.086919999999999,4.163899999999999,4.240879999999999,4.31786,4.394839999999999,4.471819999999999,4.548799999999999,4.625779999999999,4.70276,4.779739999999999,4.856719999999999,4.933699999999999,5.010679999999999,5.08766,5.1646399999999995,5.241619999999999,5.318599999999999,5.395579999999999,5.47256,5.5495399999999995,5.626519999999999,5.703499999999999,5.780479999999999,5.857459999999999,5.9344399999999995,6.011419999999999,6.088399999999999,6.165379999999999,6.242359999999999,6.3193399999999995,6.396319999999999,6.473299999999999,6.550279999999999,6.627259999999999,6.704239999999999,6.781219999999999,6.858199999999999,6.935179999999999,7.012159999999999,7.089139999999999,7.166119999999999,7.243099999999999,7.320079999999999,7.397059999999999,7.474039999999999,7.551019999999999
