,IC objective optimistic
0,-0.34747762037943014
1,-0.06790911660593908
2,-0.4557042398682079
3,-0.6274884236626742
4,-0.6887774745604119
5,-0.6093096530484452
6,-0.5731092347118912
7,-0.07031363454933337
8,-0.4149246815104638
9,-0.7794760376849458
10,-0.5367262238162105
11,-0.5571040843017222
12,-0.273137197559507
13,-0.11514698067612159
14,-0.12231461041390108
15,-0.14681967553835015
16,-0.18288408359175487
17,-0.23540729386062498
18,-0.3083521566656653
19,-0.054681044773004485
20,-0.26660484496645087
21,-0.020476522396284978
22,-0.20349594045698763
23,-0.6130390068556213
24,-0.40048171211056627
25,-0.49733866089822415
26,-0.25125895625484124
27,-0.09406043912717395
28,-0.4564409927987154
29,-0.13963587770780927
30,-0.09014216235529979
31,-0.17913172347898954
32,-0.3650961103095229
33,-0.5108018250699912
34,-0.26847304623601864
35,-0.3833156311519996
36,-0.1137750502892265
37,-0.26629916078700194
38,-0.46383552646109716
39,-0.19536557230402907
40,-0.37295925081226894
41,-0.39637664441934484
42,-0.010636833192258575
43,-0.2063932854553967
44,-0.8025247672352217
45,-0.0459575071401352
46,-0.5051683874628433
47,-0.31471758389179005
48,-0.6697401441179691
49,-1.016686891608484
50,-0.41546705002595774
51,-0.34613325229054565
52,-0.12471216236836301
53,-0.14524110951938216
54,-0.7514627475424862
55,-0.2605867282800206
56,-0.48704245073356156
57,-0.38018595256135645
58,-0.4824485102549079
59,-0.07314598775816306
60,-0.5632886330908283
61,-0.06651497970280525
62,-0.0891513193093162
63,-0.6682298547683052
64,-0.4180290246567456
65,-0.5606800162872679
66,-0.4864917528412856
67,-0.5703166495001626
68,-0.4127210722703024
69,-0.059467829925437254
70,-0.15610931402044043
71,-0.31432911392452123
72,-0.05581588609180802
73,-0.07060691220776992
74,-0.3675611662405175
75,-0.647452092906589
76,-0.10449771846010099
77,-0.8924255895626371
78,-0.6746038293337304
79,-0.19867367842170475
80,-0.27369042313602066
81,-0.18411437462469502
82,-0.018382188842347137
83,-0.10268689333450479
84,-0.5191965242491832
85,-0.9865300693562878
86,-0.15984429009610465
87,-0.4027190379038539
88,-0.45380212869703473
89,-0.5567516662390052
90,-0.22909931360856714
91,-0.15906045354673287
92,-0.6099809584956885
93,-0.5220691063844493
94,-0.43873031478539787
95,-0.9421915204571689
96,-0.6150740892408553
97,-0.9180110148508874
98,-0.5378421597670785
99,-0.5810763676878941
100,-0.40563557099186365
101,-0.3713879760810682
102,-0.061419934354148324
103,-0.25566018317603184
104,-0.748713316401268
105,-0.4656088413932711
106,-0.6056101644361068
107,-0.23835427438639414
108,-0.6045780428278424
109,-0.6331005534238281
110,-0.1359097383948011
111,-0.29917312081935715
112,-0.5558343809905417
113,-0.3359936609624158
114,-1.1745409636906166
115,-0.8582928763317929
116,-0.1462477016593492
117,-0.3761970315485673
118,-0.07632580945121302
119,-0.42759838778842035
120,-0.3553819237148964
121,-0.3550524218998562
122,-0.048061948756393004
123,-0.24163475460972306
124,-0.14794291082510908
125,-0.14184447643732834
126,-0.11994447682986722
127,-0.014640281561417353
128,-0.46060060656382873
129,-0.3211407013151704
130,-0.38928512512309904
131,-0.6178999689870941
132,-0.4218603822702511
133,-0.3399239028741035
134,-0.12047712394054748
135,-0.7276999932133268
136,-0.09801028233072678
137,-0.22561434468262262
138,-0.5438876285804503
139,-0.8681950786821317
140,-0.43077747119967236
141,-0.5380542324459492
142,-0.09394622681348934
143,-0.20402791598302486
144,-0.12555106718090447
145,-0.39791174942491636
146,-0.2159674859854246
147,-0.11348780866849421
148,-0.8751866802746394
149,-0.5132985145691361
150,-0.40345983894000476
151,-0.17760267310658204
152,-0.49187223054556795
153,-0.3041277920599288
154,-0.3733927178592504
155,-0.1130680333258381
156,-0.6495602005857185
157,-0.6553940393870774
158,-0.16569401342524437
159,-0.08890782593884917
160,-0.6000863531932581
161,-0.00605820629052319
162,-0.43799762201622716
163,-0.06718613706485901
164,-0.16860140317712857
165,-0.0457950463065863
166,-0.032967125889370785
167,-0.5066053494727452
168,-0.43022553764530586
169,-0.17605173776957564
170,-0.312652771301419
171,-0.34046174675442686
172,-0.030245842073199726
173,-0.3971638871324718
174,-0.3820663812302123
175,-0.17318979330633413
176,-0.5211232249544951
177,-0.2929866988157121
178,-0.42853645883594316
179,-0.4122311623158621
180,-0.4093964943171641
181,-0.2003443501020254
182,-0.24409547040781715
183,-0.1402502404432278
184,-0.4689249678091559
185,-0.16799573054182004
186,-0.10368808972441687
187,-0.2635713266840229
188,-0.7760034347788578
189,-0.3055995880563659
190,-0.30148794130349965
191,-0.4420278535317585
192,-0.22126222842236762
193,-0.10084883194817557
194,-0.03232343130577191
195,-0.39366870530001397
196,-0.09478022445996309
197,-0.12480161271568525
198,-0.591176321186959
199,-0.08626103276528391
200,-0.11830814459772343
201,-0.8312056537275815
202,-0.7744254943533018
203,-0.055561938198479044
204,-0.6998193357411409
205,-0.09344330624817253
206,-0.5648336055085256
207,-0.38021921380390394
208,-0.6968855576135098
209,-0.4845106485050461
210,-0.17434569909383957
211,-0.1461361705006263
212,-0.5167145093191237
213,-0.678836840766535
214,-0.07884661219974402
215,-0.4704214786244288
216,-0.2288419918293463
217,-0.30528999057044626
218,-0.5066072423631751
219,-0.11462686306743385
220,-0.1800740305156259
221,-0.12432193175409786
222,-0.644394958147695
223,-0.1779441447505935
224,-0.1668916917561518
225,-0.0007426745059304055
226,-0.2418535173535675
227,-0.07194145721995614
228,-0.4691199599283636
229,-0.272341065571457
230,-0.22936104704250093
231,-0.4642486618010044
232,-0.12500853248264726
233,-0.08366542701219572
234,-0.17568808955810525
235,-0.02226776003620063
236,-0.414524257919301
237,-0.3708979322476794
238,-0.5665657164055501
239,-0.005255594204695774
240,-0.681078379520109
241,-0.22968595402249678
242,-0.2514636667323355
243,-0.2817138317532908
244,-0.07910789177634196
245,-0.354235978748814
246,-0.2248244375983327
247,-0.33051727342477827
248,-0.4791906668023524
249,-0.4819932163553422
250,-0.3991659114388794
251,-0.5881640763394772
252,-0.2908872434394652
253,-0.18082004187594555
254,-0.42991612641394505
255,-0.3322261909487826
256,-0.09766335295321947
257,-0.7896515693345894
258,-0.5743216530133456
259,-0.6482581157622024
260,-0.3581976061256932
261,-0.22582287090299816
262,-0.6852099573846233
263,-0.362893772268152
264,-0.5200677370503366
265,-0.696162454519109
266,-0.12004709184457592
267,-0.4481041261034318
268,-1.0444558436966025
269,-0.422507095947328
270,-0.06872545790092437
271,-0.13809495443073935
272,-0.3317922649716072
273,-0.35020882705545886
274,-0.5575913585303612
275,-0.47905140546593455
276,-0.20311683386287643
277,-0.5928821795818193
278,-0.22727474778096776
279,-0.04569195966767938
280,-0.8790635395837153
281,-0.29160703450088143
282,-0.36473012815945793
283,-0.28218320074456293
284,-0.16273843599825888
285,-0.32580544177188225
286,-0.033669483037278194
287,-0.27096778159853135
288,-0.37643001809730064
289,-0.3273056166788024
290,-0.14983947557166483
291,-0.08753872330945436
292,-0.05558924984579881
293,-0.4598852234916328
294,-0.4516161025054791
295,-0.8650080849195425
296,-0.4723921784789566
297,-0.9585654382389213
298,-0.01599535579035119
299,-0.3091160717277574
300,-0.5214255882129509
301,-0.5268741618564136
302,-0.2394102613306057
303,-0.32926028073354363
304,-0.3319897566421628
305,-0.04116754099265167
306,-0.34927072158284245
307,-0.0379629035610229
308,-0.19587390936200225
309,-0.3082823400602597
310,-0.4280873412560272
311,-0.43369597735373083
312,-0.1641932188581783
313,-0.20303252465522315
314,-0.6449669701484653
315,-0.8574101021652962
316,-0.3429750971178691
317,-0.5627664323084064
318,-0.8928926749501173
319,-0.10620833951983712
320,-0.3736015010760742
321,-0.3914392149268499
322,-0.04100199612638667
323,-0.5548336675610966
324,-0.25410910048165497
325,-0.0434583090321653
326,-0.3825856420383587
327,-0.6272996736193716
328,-0.17605828930654904
329,-0.4182513412512132
330,-0.17584957884356583
331,-0.4366843808324838
332,-0.1701002311666375
333,-0.41911628013602004
334,-0.5820937618740926
335,-0.11977659919894085
336,-0.3389157109230329
337,-0.2565141324917328
338,-0.04206254755641985
339,-0.42568642249399513
340,-0.5747733671175311
341,-0.12611710672265175
342,-0.3845366067379371
343,-0.07023986317802397
344,-0.6632539239175574
345,-0.5752558845654057
346,-0.8960628499264089
347,-0.3798632555277546
348,-0.2898326902147833
349,-0.05883485396430623
350,-0.18375320882606613
351,-0.37799869394291374
352,-0.35975897215140984
353,-0.15196422080508892
354,-0.43213230503988803
355,-0.5473338356478562
356,-0.09304461391872312
357,-0.5374541841491942
358,-0.32155324661452683
359,-0.23477145722250967
360,-0.3466249813666558
361,-0.40134261247217606
362,-0.7851650928786728
363,-0.08028898211897502
364,-0.3481409941253237
365,-0.27025345804785106
366,-0.27389134045786007
367,-0.27620099134712234
368,-0.677020725012269
369,-0.47774422434597535
370,-0.48958616890785855
371,-0.6740059216611726
372,-0.12115659619972458
373,-0.19106740669691366
374,-0.13058515516412794
375,-0.5509280309816043
376,-0.8991723397217207
377,-0.9144627147005977
378,-0.28649357697823896
379,-0.21486686071116387
380,-0.4912720419494949
381,-0.39204633259960026
382,-0.0023013987980014766
383,-0.2609565332723203
384,-0.36780088896168955
385,-0.02687778361781015
386,-0.5553253710159145
387,-0.43070568210198895
388,-0.0187419477231981
389,-0.0032965897780204445
390,-0.5517837081709227
391,-0.1967648167550123
392,-0.8831543060935089
393,-0.5441030027813094
394,-0.19550877458600877
395,-0.2091031944406277
396,-0.1208658932319939
397,-0.2090036157118553
398,-0.1366592919344335
399,-0.38523603522903943
400,-0.31995151833060664
401,-0.529469014315522
402,-0.29491806427184886
403,-0.8620454437518759
404,-0.29352926628765436
405,-0.4093566311002117
406,-0.34192080529085456
407,-0.3364858396407213
408,-0.07035910764926691
409,-0.15649619716471982
410,-0.5224476881615956
411,-0.19645048456025843
412,-0.5968321596394159
413,-0.13770696037156838
414,-0.03428655392387582
415,-0.43438026850406025
416,-0.5123144815612893
417,-0.7709258841081642
418,-0.30247492325824893
419,-0.4640703367519109
420,-0.8404775971194602
421,-0.41189267838492705
422,-0.4442438595442703
423,-0.5008607665385421
424,-0.2470274327943673
425,-0.6554460563571523
426,-0.47824822465085776
427,-0.08316847332700329
428,-0.19464015071020313
429,-0.184090119816061
430,-0.3650766062381932
431,-0.22958642257364398
432,-0.5158281567730512
433,-0.06722504984339499
434,-0.15834306157101977
435,-0.17828003981060153
436,-0.3102998083874303
437,-0.21047937962251326
438,-0.6828094243338909
439,-0.13828460375357254
440,-0.06974772635103875
441,-0.09332400654249899
442,-0.17868072819183464
443,-0.009714585271873953
444,-0.33854089730753306
445,-0.48553370457729866
446,-0.6607056036029495
447,-0.24339923214587028
448,-0.19721581386500348
449,-0.24455839726513448
450,-0.3974774374687752
451,-0.056369621692201874
452,-0.21044438933961332
453,-0.10122153508116535
454,-0.34277282039291457
455,-0.31211179156048663
456,-0.42078999540690515
457,-0.17463521109039826
458,-0.6228934605282601
459,-0.15418430333721375
460,-0.5397542789561875
461,-0.28794746109315855
462,-0.21087812153780097
463,-0.31077913494391385
464,-0.45201930270826407
465,-0.2204268583644201
466,-0.7269781960120675
467,-0.38685418120964893
468,-0.22370524580547776
469,-0.03387153597695527
470,-0.05676892380968138
471,-0.11599968258840533
472,-0.1464689238263354
473,-0.4665503282644336
474,-0.6575938580388926
475,-0.5111319108976691
476,-0.057129193324030283
477,-0.7601954879071059
478,-0.7717986998817676
479,-0.1450779635808843
480,-0.37862622918032207
481,-0.46691513009587504
482,-0.11567781371478175
483,-0.22311150666174678
484,-0.948532141466121
485,-0.6308487873743579
486,-0.3891780414837328
487,-0.5939331719506914
488,-0.0498095051651757
489,-0.2117887345552188
490,-0.2095670011623116
491,-0.5879863410348771
492,-0.042724849885260645
493,-0.023274212878621452
494,-0.19871952512805383
495,-0.30977770021303547
496,-0.47621475312370887
497,-0.2562885195877842
498,-0.24398499957871686
499,-0.13469703863442165
500,-0.8511035511683591
501,-0.5023945761876367
502,-0.5588847939435572
503,-0.16842374510937239
504,-0.49817307110515197
505,-0.14934331851974048
506,-0.03043145387632089
507,-0.630227087090511
508,-0.07584944779776417
509,-0.16343575276711234
510,-0.3135859633839935
511,-0.16326962708029588
512,-0.5677954368758471
513,-0.5112525776634601
514,-0.022964388976996892
515,-0.24343773447541958
516,-0.4193680000536645
517,-0.4392734115042546
518,-0.5199438196922439
519,-0.2797207545039412
520,-0.5031569753991235
521,-0.0061590632965832955
522,-0.3124574395424992
523,-0.6434805525503922
524,-0.4123878773268904
525,-0.29334393832047
526,-0.5351959344807516
527,-0.4988643718244003
528,-0.0039997939622912525
529,-0.7414626058081054
530,-0.13081444518989416
531,-0.12187135036467356
532,-0.037192114158216626
533,-0.13238100369571684
534,-0.1281738250351541
535,-0.3740707178299141
536,-0.19390867530810016
537,-0.2838135380241674
538,-0.44957586473825667
539,-0.44946615723424355
540,-0.6880538391325558
541,-0.20349993103435093
542,-0.6885274999760371
543,-0.46738955784413644
544,-0.7990136472307567
545,-0.880310587274249
546,-0.16959050190851746
547,-0.43680738132450625
548,-0.7010051877074511
549,-0.08913761020621203
550,-0.4289261541300099
551,-0.43034665588699283
552,-0.5798460563915997
553,-0.42503463714735723
554,-0.2829951947836045
555,-0.42835729414280127
556,-0.7309846530857311
557,-0.3288544239827337
558,-0.3236285407976021
559,-0.05098906882611474
560,-0.10277782078627486
561,-0.06076641288817357
562,-0.2272129522804968
563,-0.1296974858405293
564,-0.25471158339496475
565,-0.48537674760175975
566,-0.15814726434660184
567,-0.054940884135470505
568,-0.4781310589858936
569,-0.0816560088243201
570,-0.8370006079968145
571,-0.10358608160610148
572,-0.5999195213342241
573,-0.8822579469965623
574,-0.5559583061540745
575,-0.07021130464286722
576,-0.7356259820166361
577,-0.4794827077228306
578,-0.19571256682481447
579,-0.30844075457257863
580,-0.07614112085370153
581,-0.49538675415125794
582,-0.30766033735629666
583,-0.07980267861833276
584,-0.34147459304258365
585,-0.77032649750768
586,-0.21241471222332836
587,-0.7299678382655774
588,-0.03350073977828693
589,-0.27404710686002043
590,-0.2169894899231856
591,-0.039651132630777554
592,-0.1491123498975307
593,-0.67903536027577
594,-0.9643281542174079
595,-0.3607934226164634
596,-0.08855110582223108
597,-0.5575036401309764
598,-0.23069690670758675
599,-0.33472273978613903
600,-0.476113170395756
601,-0.4334608595825521
602,-0.06139024820930752
603,-0.2644980111087903
604,-0.06158038881269432
605,-0.7988701563381054
606,-0.013137884059089831
607,-0.14086317770654475
608,-0.02634759544154024
609,-0.7080816495685204
610,-0.4611485799699948
611,-0.5760529520764041
612,-0.5352061388662979
613,-0.28040936753847595
614,-0.907066261808912
615,-0.04354833991712095
616,-0.7803900353298217
617,-0.2702826900235411
618,-0.3982684587355313
619,-0.1226410797281686
620,-0.24314048305985198
621,-0.4348183556005957
622,-0.5991876538908981
623,-0.661487209675341
624,-0.15568756532987457
625,-0.2135486285533521
626,-0.7429510347558941
627,-0.5342335923436348
628,-0.48416481881572715
629,-0.5598550163580196
630,-0.4268331758097036
631,-0.18586226081645646
632,-0.10890598384645216
633,-0.09418959570564266
634,-0.4403099452843989
635,-0.6802509204673263
636,-0.1926739295038693
637,-0.42450467324732044
638,-0.3468543599363065
639,-0.4275997235319393
640,-0.04919164642695454
641,-0.40751804927011626
642,-0.2120563556848088
643,-0.11242644651305084
644,-0.564564049256031
645,-0.10983121449239294
646,-0.5281574285878714
647,-0.234583627393028
648,-0.06129099334335966
649,-0.5058172096578166
650,-0.3137396830348777
651,-0.15752099563855482
652,-0.48283888787492185
653,-0.4804190892728592
654,-0.3510186123588347
655,-0.04784168844506091
656,-0.18600181101399693
657,-0.057861680594511786
658,-0.014310191884436958
659,-0.1541761846346139
660,-0.5264699483645098
661,-0.28615112195974435
662,-0.8636925533598908
663,-0.37955147550476037
664,-0.45183313298355315
665,-0.4289639760272598
666,-0.0436803430619131
667,-0.21830942579548226
668,-0.14341460213977772
669,-0.13247246538153012
670,-0.012491866716594783
671,-0.0927757479623123
672,-0.29840421926790384
673,-0.050771477161095535
674,-0.21489749033195688
675,-0.2666240184224667
676,-0.005317200347955548
677,-0.5715335229678236
678,-0.3688799416508807
679,-0.19732964172784292
680,-0.5856533262272597
681,-0.5474568662608055
682,-0.49710543456465855
683,-0.15260380561217085
684,-0.06311852974980829
685,-0.6933141593859382
686,-0.10494282515623353
687,-0.24547715773439088
688,-0.16985665533842148
689,-0.9019155403025526
690,-0.3095249237389405
691,-0.2860477095098872
692,-0.13597713234117373
693,-0.09749673775660221
694,-0.32852527063442033
695,-0.33295220294280653
696,-0.4067440248834836
697,-0.08678383919096949
698,-0.553675776022869
699,-0.12042183965330117
700,-0.3286684282770717
701,-0.012405819950001016
702,-0.2311103879878196
703,-0.5272091639909078
704,-0.06638699177483882
705,-0.21061845332924817
706,-0.2644498704777616
707,-0.3757185593681888
708,-0.38710704027960047
709,-0.13488701852163823
710,-0.39932644600016837
711,-0.5164792546123694
712,-0.2448646817876467
713,-0.20136468326245036
714,-0.2256881334031639
715,-0.0310447238849637
716,-0.7508673500479789
717,-0.5629162470951934
718,-0.13370171070261327
719,-0.012756509773032113
720,-0.09843980599588745
721,-0.17609082156642772
722,-0.17996538078034013
723,-0.0742019934594753
724,-0.3360903996373192
725,-0.4704135870195867
726,-0.49384523234385924
727,-0.33131371206693855
728,-0.5214536249894015
729,-0.26295109052094173
730,-0.2655606422591437
731,-0.9185228621722047
732,-0.09625474980612092
733,-0.046841312103877535
734,-0.30721104615935524
735,-0.3576107826098776
736,-0.5748169353255603
737,-0.4295178651168223
738,-0.8180770453190683
739,-0.4101377926403426
740,-0.5479974327570578
741,-0.10832053325537686
742,-0.3771369188377393
743,-0.35089529713381096
744,-0.3803501543791117
745,-0.1491293690621362
746,-0.18639218183143638
747,-0.04839733243324978
748,-0.5770126413046481
749,-0.23272219001077105
750,-0.2614701241241009
751,-0.10918107927748286
752,-0.07250577608944847
753,-0.5045709822684178
754,-0.6997822033307264
755,-0.031590725954812444
756,-0.4818393780688943
757,-0.04953543009962526
758,-0.4767738103902961
759,-0.6402232549866971
760,-0.4654135739257055
761,-0.25343456824922833
762,-0.11621487954639956
763,-0.410408056904228
764,-0.31424529390603656
765,-0.03929172410556155
766,-0.14386133951725683
767,-0.16257441630754252
768,-0.17656237115844303
769,-0.4450218865868945
770,-0.13727761452170723
771,-0.15847624464578414
772,-0.2520924723106139
773,-0.13159121961707695
774,-0.43980807623404605
775,-0.4070966687031489
776,-0.020799415786170818
777,-0.3506582277633327
778,-0.17301750394034346
779,-0.4818454158789223
780,-0.25932595658628804
781,-0.30922225435796674
782,-0.19869864657347702
783,-0.3225184259508141
784,-0.4967216417919448
785,-0.9072714090239886
786,-0.3748425372202159
787,-0.146543458715491
788,-0.675713812663704
789,-0.5678777484125561
790,-0.14758897283209607
791,-0.692307353879828
792,-0.5491430385197837
793,-0.005614065403818225
794,-0.15131048565213878
795,-0.04571531074385842
796,-0.617897540593092
797,-0.18942990293727097
798,-0.12676032312809873
799,-0.181130799435439
800,-0.9123306956361392
801,-0.04804103661722316
802,-0.12424049342229473
803,-0.0563094918273784
804,-0.5439282908250093
805,-0.6255641379582588
806,-0.6727524559488693
807,-0.3719035442097539
808,-0.7602436566431486
809,-0.41101680628820975
810,-0.03901428456580446
811,-0.769487305439156
812,-0.5654060987858892
813,-0.21079097241848938
814,-0.4743216939122891
815,-0.37193385618051156
816,-0.29701293595469214
817,-0.6013570625487031
818,-0.10294833287838967
819,-0.1734903761223444
820,-0.24161438455248055
821,-0.27960635427077113
822,-0.17758804140628603
823,-0.5678015833800735
824,-0.268219496688957
825,-0.06238262453132811
826,-0.3807466017298231
827,-0.04876176642205028
828,-0.33195993914076477
829,-0.8964103979035286
830,-0.1803478059203763
831,-0.0587559636880666
832,-0.2149337553535561
833,-1.007873678709905
834,-0.3039976603016628
835,-0.7452111578075311
836,-0.22632849036632402
837,-0.3080324018092971
838,-0.38570436484260223
839,-0.17782528902533373
840,-0.4933002288737198
841,-0.7160667308469322
842,-0.028600386858143232
843,-0.6427376798562309
844,-0.8843688428943368
845,-0.8585441580098139
846,-0.7883698067269669
847,-0.1677909961674292
848,-0.7017403066551294
849,-0.3303105225936066
850,-0.06850477529206052
851,-0.6255658710695368
852,-0.058271768984263145
853,-0.13758044095148464
854,-0.07409061607731413
855,-0.8717600721507544
856,-0.03722192106304938
857,-0.14752796203980698
858,-0.18964588407680336
859,-0.08285860196688334
860,-0.4435848878542827
861,-0.22394884312809135
862,-0.05184663696594584
863,-0.07213204536029105
864,-0.16194282617086508
865,-0.027625365369279058
866,-0.11163750808541345
867,-0.13046268222829993
868,-0.3514224348670901
869,-0.17330447857741638
870,-0.2397885303344938
871,-0.7876435434751321
872,-0.1860438898837742
873,-0.33984800866726983
874,-0.05764980045270103
875,-0.2528234547451252
876,-0.24621516537629948
877,-0.14587612598545557
878,-0.4564401358846643
879,-0.8822604747016772
880,-0.6238091458750745
881,-0.35475332119441866
882,-0.5376744531989526
883,-0.41970875467891844
884,-0.008963118899393285
885,-0.6491839287010951
886,-0.1499817910230896
887,-0.3200325266748675
888,-0.47132138923030875
889,-0.03965958369452984
890,-0.3135117454581383
891,-0.04017256287643167
892,-0.8007929463184731
893,-0.23142558877067465
894,-0.16833827781899052
895,-0.3099474656400494
896,-0.18045585564034133
897,-0.03173976013055879
898,-0.6898111160375908
899,-0.3345308036269693
900,-0.9261657180703349
901,-0.0184827144847803
902,-0.4740794287178284
903,-0.38206194611341815
904,-0.2298062075971649
905,-0.6062883680069074
906,-0.3514426049629628
907,-0.10945349133873204
908,-0.05354451573655522
909,-0.022832114542982708
910,-0.6178306647815853
911,-0.36967169236318176
912,-0.13132956498319265
913,-0.010520634376840154
914,-0.8343986959664351
915,-0.014555697657289425
916,-0.07465133423509154
917,-0.08735879578943072
918,-0.44648212943577525
919,-0.03869930581756537
920,-0.15257698606741635
921,-0.06108944336226481
922,-0.5410139763496502
923,-0.07809741559176604
924,-0.34159572508091857
925,-0.1077583458868606
926,-0.2529483485666404
927,-0.12300499646842392
928,-0.42095502718340955
929,-0.04220768831278608
930,-0.17302288167429117
931,-0.5927879612981669
932,-0.1936418850797731
933,-0.8759833413249797
934,-0.3780276845352532
935,-0.14180398795945373
936,-0.3643686967710673
937,-0.663194649894613
938,-0.5297240636995567
939,-0.049780011556119885
940,-0.3560352839164967
941,-0.5730265382163647
942,-0.20867510054102534
943,-0.15529854829105724
944,-0.6305488111342624
945,-0.017602678350387
946,-0.33363302325012795
947,-0.31825329428588284
948,-1.0141497123292849
949,-0.4034900708142218
950,-0.26131127975686813
951,-0.35142185948170007
952,-0.34168909845932716
953,-0.18993087672142966
954,-0.08330155083888612
955,-0.5274910678717364
956,-0.14615375755188514
957,-0.3491495977770746
958,-0.8354433519338587
959,-0.3714664847378078
960,-0.18210103487090215
961,-0.050073779816697916
962,-0.6585607832938848
963,-0.05415278409311786
964,-0.673205197317825
965,-0.5139074353167422
966,-0.5268636989640616
967,-0.29760369626388333
968,-0.5330817324314854
969,-0.17723535459692255
970,-0.24072056483464158
971,-0.6382307854607677
972,-0.643789001949514
973,-0.017626396841380527
974,-0.12668766143243224
975,-0.28660375244331626
976,-0.13880099356686593
977,-0.48352128003829575
978,-0.5495523406062356
979,-0.1986052022360629
980,-0.34167561912443706
981,-0.3748697418577031
982,-0.2126708481165138
983,-0.698278291606146
984,-0.858106351099896
985,-0.7559449092176996
986,-0.04802172763195362
987,-0.04173996241155302
988,-0.4450908639327802
989,-0.275067794807315
990,-0.36378097860154485
991,-0.1601563891778026
992,-0.38599371951716605
993,-0.09178868494971112
994,-0.04184148422826015
995,-0.27924729832824685
996,-0.12461401393478572
997,-0.5308132260623455
998,-0.35654815993352007
999,-0.09767329727386152
1000,-0.3729557903103832
1001,-0.08959326444454939
1002,-0.37128969770464787
1003,-0.5347805648036154
1004,-0.4690660208853696
1005,-0.40189042327477104
1006,-0.015190546136049983
1007,-0.29036645605394246
1008,-0.25613247187812443
1009,-0.8662651772141613
1010,-0.4779903452916683
1011,-0.3314990586617972
1012,-0.6612803196864894
1013,-0.11362775127279597
1014,-0.3991453318845026
1015,-0.1943954522616829
1016,-0.4428629103583047
1017,-0.46498712577456164
1018,-0.08381139045547038
1019,-0.3382714960892602
1020,-0.6246757918515776
1021,-0.3914931048168766
1022,-0.7889008024649482
1023,-0.008970363497590622
1024,-0.1092966981927084
1025,-0.6291158724906487
1026,-0.4405342917365553
1027,-0.6561395594144501
1028,-0.24709450931255053
1029,-0.303449082262799
1030,-0.3112513210030992
1031,-0.30112430055026473
1032,-0.49378998989923106
1033,-0.3640062430365464
1034,-0.18865383284715811
1035,-0.8078867549216642
1036,-0.7004230626544267
1037,-0.18055688456566948
1038,-0.5832584956891035
1039,-0.41164879229350837
1040,-0.21324534828432679
1041,-0.1285859623104966
1042,-0.21827171725889283
1043,-0.959894553058983
1044,-0.6589951226910189
1045,-0.13025821071120994
1046,-0.5198313600616322
1047,-0.20943563891656972
1048,-0.20171319689309986
1049,-0.37321014422117316
1050,-0.06803801966030991
1051,-0.38668562087105973
1052,-0.016983892642017807
1053,-0.062406271924505326
1054,-0.695703351222655
1055,-0.24411303855486824
1056,-0.047417942455246
1057,-0.03038024440666134
1058,-0.15256220322719571
1059,-0.26329933439841036
1060,-0.6053859423492985
1061,-0.5732350650095992
1062,-0.17979528219412905
1063,-0.23362772118129538
1064,-0.621581697182935
1065,-0.911892172994952
1066,-0.09938403612553133
1067,-0.2435142508509722
1068,-0.661867258979389
1069,-0.2066933743738721
1070,-0.5104040606181356
1071,-0.016041720825516248
1072,-0.05854320123873113
1073,-0.1541072367264384
1074,-0.0003658828603749254
1075,-0.09044922810506816
1076,-0.7315795568760844
1077,-0.019778053496457986
1078,-0.11890792539739486
1079,-0.12987409939458727
1080,-0.21012791451491275
1081,-0.15896280575592858
1082,-0.6889778721981591
1083,-0.18021480972046583
1084,-0.02647390465133416
1085,-0.411193751731624
1086,-0.0013173865938120731
1087,-0.06547289251823135
1088,-0.5284163802978722
1089,-0.2706592498793047
1090,-0.06970042822863741
1091,-0.07761966220597938
1092,-0.18501296990609387
1093,-0.1471651081811751
1094,-0.4808561522735207
1095,-0.25643133836665044
1096,-0.03175910913957275
1097,-0.6160198094176602
1098,-0.15182689046293096
1099,-0.501812728910187
1100,-0.09761324225990346
1101,-0.2568699317316801
1102,-0.670897717081633
1103,-0.48851669003136455
1104,-0.7594527807288804
1105,-0.19202900944652745
1106,-0.7778041428745791
1107,-0.3400304203829317
1108,-0.619536028110286
1109,-0.06569292038736174
1110,-0.44208363428981234
1111,-0.13238065171767058
1112,-0.569713341637715
1113,-0.07906271244364013
1114,-0.7106577005001625
1115,-0.12036878670047728
1116,-0.07774215435367222
1117,-0.12465663309739984
1118,-0.2799715444132912
1119,-0.19254307452878147
1120,-0.5253352329345117
1121,-0.2871100918829149
1122,-0.7719444027715667
1123,-0.10157934523523084
1124,-0.45544841124386365
1125,-0.3854485115633379
1126,-0.007042083333478079
1127,-0.381964015771382
1128,-0.5479118099575804
1129,-0.5304481025309216
1130,-0.19237470396870077
1131,-0.15413522351162226
1132,-0.16976313898738643
1133,-0.2876211456727048
1134,-0.11187863596566917
1135,-0.09297610120780898
1136,-0.31881170794032554
1137,-0.34851373382227907
1138,-0.08186616101446104
1139,-0.16867366879188211
1140,-0.4363548413948257
1141,-0.3506132430018635
1142,-0.4048927849439286
1143,-0.3114057681089594
1144,-0.5067632665659851
1145,-0.4158984266272677
1146,-0.03246935249908403
1147,-0.8030657439053944
1148,-0.05761074809909616
1149,-0.2436765151495629
1150,-0.5370516717882522
1151,-0.3427556611555646
1152,-0.41851252851584675
1153,-0.16740326229571265
1154,-0.38138961562231505
1155,-0.6223541497352778
1156,-0.04406729128387111
1157,-0.17583668863500881
1158,-0.43304129665644137
1159,-0.326454122570044
1160,-0.8126333521023644
1161,-0.03221227464428101
1162,-0.26028991556384595
1163,-0.7003813545759546
1164,-0.36936199036228545
1165,-0.3646624288422997
1166,-0.3678724508075178
1167,-0.32301259075570665
1168,-0.7713393208528633
1169,-0.10132010706970715
1170,-0.2122595871166844
1171,-0.46505535827879685
1172,-0.4888181381060233
1173,-0.46165952750986783
1174,-0.27572400039958983
1175,-0.18087197455399423
1176,-0.9832957629054239
1177,-0.8293088826069149
1178,-0.7025677417421532
1179,-0.3955594409403147
1180,-0.04438525655823177
1181,-0.061741064307639315
1182,-0.22031215592505551
1183,-0.8800264842501218
1184,-0.5662970986701261
1185,-0.5695345583022705
1186,-0.04152562650611485
1187,-0.22828718929579936
1188,-0.1908346569240082
1189,-0.17382918034668643
1190,-0.8016095263652042
1191,-0.6773690472741309
1192,-0.45681488010804755
1193,-0.39458449070052914
1194,-0.9273110960078393
1195,-0.1967721889771635
1196,-0.2300349383057105
1197,-0.06385547590663776
1198,-0.055722853238081786
1199,-0.332291821707057
1200,-0.23759622319126458
1201,-0.1706754100538936
1202,-0.21939652526154033
1203,-0.49856562656174863
1204,-0.7104863867087099
1205,-0.10688057467346489
1206,-0.2093142375944991
1207,-0.576083878281196
1208,-0.785098079327581
1209,-0.024707270523979485
1210,-0.0765435232168507
1211,-0.45032916453744964
1212,-0.10080782056911179
1213,-0.9678175550534058
1214,-0.37382241386929205
1215,-0.19845951358078956
1216,-0.10122780754252499
1217,-0.7609268626304834
1218,-0.06137464557171819
1219,-0.15020891709270184
1220,-0.792140191815074
1221,-0.07196603530204297
1222,-0.565308018801687
1223,-0.34968031677753186
1224,-0.32981411663447835
1225,-0.4078872005864497
1226,-0.4268287318236507
1227,-0.5544972979922678
1228,-0.4445762723460101
1229,-0.35476259672136423
1230,-0.28070763510135505
1231,-0.19323980903689844
1232,-0.22306545765528354
1233,-0.12013359718774252
1234,-0.12846836087333538
1235,-0.1262108344989591
1236,-0.5172000259265607
1237,-0.0645892779006895
1238,-0.32046202671738017
1239,-0.13011176481951126
1240,-0.5637637824697735
1241,-0.3695121927128623
1242,-0.39089964060337273
1243,-0.5225637000877105
1244,-0.18146675601182138
1245,-0.439616767297749
1246,-0.3832494397584433
1247,-0.9652395073571043
1248,-0.4785043190224859
1249,-0.18109948610762364
1250,-0.057663752225270815
1251,-0.1259254172768602
1252,-0.6269958321037928
1253,-0.2722789356794804
1254,-0.5519014886610681
1255,-0.5292816844156067
1256,-0.12004874897618317
1257,-0.14251634371742927
1258,-0.034726119587873194
1259,-0.2199896668894457
1260,-0.2863410342544532
1261,-0.7009113178230355
1262,-0.023429217364106383
1263,-0.5135267328689065
1264,-0.5531305304517626
1265,-0.03570487106824822
1266,-0.38278165329843905
1267,-0.0687976094812315
1268,-0.5264298013412557
1269,-0.20811819063079565
1270,-0.2622586336531016
1271,-0.18375823521783327
1272,-0.5543119894977929
1273,-0.09047180444650967
1274,-0.6377101513455632
1275,-0.22091533000200117
1276,-0.015168837169892571
1277,-0.0307410613296767
1278,-0.5187768747135064
1279,-0.48248905656858065
1280,-0.01912567875324052
1281,-0.05361253158563709
1282,-0.3534887241526325
1283,-0.4400014967152501
1284,-0.8725723439630774
1285,-0.09518134758361137
1286,-0.19892411197627774
1287,-0.24993190717005173
1288,-0.35405864427800215
1289,-0.4821515636954993
1290,-0.4619367222239444
1291,-0.0837663234312159
1292,-0.3204041598750596
1293,-0.2019587398036136
1294,-0.5740172793090593
1295,-0.15785597984334812
1296,-0.2849754910169611
1297,-0.678992013838023
1298,-0.6302192720108478
1299,-0.23128700675603903
1300,-0.5587910821557002
1301,-0.2955640484966519
1302,-0.6980597709605068
1303,-0.041593146659054316
1304,-0.03084998428384946
1305,-0.26546114476313215
1306,-0.49284353464932396
1307,-0.7532220045461852
1308,-0.015343787984783787
1309,-0.40448544852585594
1310,-0.11232076730835705
1311,-0.4788380333408288
1312,-0.34767562823621656
1313,-0.03061966006724937
1314,-0.6538415180776144
1315,-0.600289239380594
1316,-0.2322275889160891
1317,-0.3272895320696557
1318,-0.08303268619528974
1319,-0.36906210549309126
1320,-0.4177243533053743
1321,-0.5500717068129679
1322,-0.2940694890122132
1323,-0.12171545946489012
1324,-0.6888347362930811
1325,-0.5756954552495536
1326,-0.07005694249119626
1327,-0.11894719255167607
1328,-0.4001885087472735
1329,-0.009181362706367427
1330,-0.07963113769947565
1331,-0.548792048393873
1332,-0.15081281391256088
1333,-0.6248164196345996
1334,-0.4634426084648737
1335,-0.6811923319481233
1336,-0.33448484189659156
1337,-0.27068319094044074
1338,-0.26086095950620736
1339,-0.2906716438270578
1340,-0.08499058605635358
1341,-0.07147016455039663
1342,-0.06927957458919842
1343,-0.5534456583327713
1344,-0.7109588300203638
1345,-0.06914043578190474
1346,-0.2407516081423231
1347,-0.1753994274119037
1348,-0.022463846649805688
1349,-0.4404365309313862
1350,-0.32503716751754835
1351,-0.4757320105150682
1352,-0.03427016916978763
1353,-0.3755931720859364
1354,-0.45109880073468667
1355,-0.0902664684834239
1356,-0.26300650740494164
1357,-0.0496890435399266
1358,-0.4395759735805401
1359,-0.08469222210640613
1360,-0.19799002397099466
1361,-0.9325854657413024
1362,-0.9630177409494824
1363,-0.4055205385965483
1364,-0.6550936337333031
1365,-0.35258811675796703
1366,-0.29655789102453123
1367,-0.12538027423287304
1368,-0.1685287452530441
1369,-0.731470944596118
1370,-0.5643877865816643
1371,-0.14191136957952588
1372,-0.08773822746355635
1373,-0.5238649836158928
1374,-0.2112226553244583
1375,-0.3946190857398827
1376,-0.07387124463645638
1377,-0.3980584900251182
1378,-0.33190379744150506
1379,-0.3521022609238288
1380,-0.04871422078570016
1381,-0.2982908312955789
1382,-0.43587241785823433
1383,-0.17150085370503756
1384,-0.41305180093481825
1385,-0.3772135912241597
1386,-0.2984179592524768
1387,-0.4362353976937328
1388,-0.12021510757266883
1389,-0.05812514222089003
1390,-0.12943343934039653
1391,-0.030247594007600673
1392,-0.29204608080994293
1393,-0.12696326826620227
1394,-0.3752351725966718
1395,-0.2898847838575456
1396,-0.32862131390590404
1397,-0.165628047175793
1398,-0.11249987482982392
1399,-0.5520732070040106
1400,-0.4684777821658129
1401,-0.10343383858237382
1402,-0.4573168448076785
1403,-0.6085697927605014
1404,-0.7321800426155783
1405,-0.16822646038459227
1406,-0.5533811281705714
1407,-0.08410994406343056
1408,-0.36903251208310967
1409,-0.5501877483840935
1410,-0.3380792722241006
1411,-0.5725330399259885
1412,-0.4652745559639369
1413,-0.017693038803188066
1414,-0.802611624778038
1415,-0.4196301373008529
1416,-0.23666469743043464
1417,-0.39884084378745677
1418,-0.4526238738951743
1419,-0.7133450173203496
1420,-1.0669519593070995
1421,-0.6846974379008934
1422,-0.8932869111274342
1423,-0.49436772355488884
1424,-0.2832746056801177
1425,-0.5777600576471078
1426,-0.17907358712107083
1427,-0.6036328031746617
1428,-0.3521711702500962
1429,-0.29819557279293385
1430,-0.23638463578794236
1431,-0.6272286722512704
1432,-0.005121324054154343
1433,-0.5380651662544226
1434,-0.46727091950751776
1435,-0.14203729145305027
1436,-0.14601063244637022
1437,-0.09457125170197764
1438,-0.22805987479967224
1439,-0.3480201817169416
1440,-0.6880986275011822
1441,-0.6216161258311501
1442,-0.8882117073415443
1443,-0.2562533355056331
1444,-0.2290812839411773
1445,-0.31613902697672913
1446,-0.6432978806571491
1447,-0.2329215342749945
1448,-0.260618601706284
1449,-0.7259653682171399
1450,-0.2743009036928614
1451,-0.19915552876450157
1452,-0.5926092899714358
1453,-0.31200733381219053
1454,-0.5092141526317934
1455,-0.5818752477525831
1456,-0.169297547110557
1457,-0.46541965643652783
1458,-0.4176222504093397
1459,-0.27713626035062006
1460,-0.3591268103115563
1461,-0.17857872274513564
1462,-0.0332354909973001
1463,-0.23066208336570432
1464,-0.5693571600992391
1465,-0.312972691033993
1466,-0.27424410690389883
1467,-1.037326970791173
1468,-0.30408003389085697
1469,-0.7389824587252439
1470,-0.9424614354360575
1471,-0.06270536004206802
1472,-0.3348015535809801
1473,-0.23941685159877835
1474,-0.2147556571033444
1475,-0.5664890583693676
1476,-0.19647424586822554
1477,-0.17221819996628002
1478,-0.351256347224328
1479,-0.25228172919399544
1480,-0.7087111599876249
1481,-0.31119641963518646
1482,-0.5873663807734696
1483,-0.4860881837079812
1484,-0.1053856516313724
1485,-0.4504545473699946
1486,-0.03439695243064344
1487,-0.6403082577748476
1488,-0.2921804927361602
1489,-0.1320363637403852
1490,-0.22567056957419213
1491,-0.7705311664299813
1492,-0.3089805246626153
1493,-0.4425952437553072
1494,-0.09460127212993533
1495,-0.07288886342651738
1496,-0.5135171534816473
1497,-0.22704895183264476
1498,-0.3797161358067918
1499,-0.1250448024426132
1500,-0.7928050793436839
1501,-0.14686978217753202
1502,-0.22282038348986455
1503,-0.24185857480768802
1504,-0.14776558649530558
1505,-0.19639278532104618
1506,-0.19883001083597776
1507,-0.10863852366916679
1508,-0.8089292983299256
1509,-0.11183323239556672
1510,-0.5496559699708145
1511,-0.8178229851890823
1512,-0.536240385093998
1513,-0.63674595237633
1514,-0.24976726838345675
1515,-0.16769168637937062
1516,-0.4441804330198451
1517,-0.8092911040737152
1518,-0.29908236093538304
1519,-0.36980745082964667
1520,-0.49846480435608315
1521,-0.2396185806621123
1522,-0.3748171788866437
1523,-0.5366024308229326
1524,-0.15640879402674127
1525,-0.3562716707198359
1526,-0.612588527205178
1527,-0.4652581136838338
1528,-0.5013677387430823
1529,-0.4076196214710696
1530,-0.14325788286341148
1531,-0.4663833498193145
1532,-0.4758746355684326
1533,-0.436362741660102
1534,-0.413417748594401
1535,-0.7513686078418134
1536,-0.4450084668580359
1537,-0.2276695020295783
1538,-0.08172406143071294
1539,-0.3741380770384635
1540,-0.4344368160490237
1541,-0.013531029487713814
1542,-0.23179853549683033
1543,-0.4485224212670568
1544,-0.7998766189883476
1545,-0.1615093575369811
1546,-0.5066840411038773
1547,-0.062285000634297503
1548,-0.33799666027118236
1549,-0.3311488745947272
1550,-0.2732653358492826
1551,-0.5373438313265814
1552,-0.24840322041956275
1553,-0.3998085149989402
1554,-0.18370419720980866
1555,-0.25709572220322546
1556,-0.011529458677524973
1557,-0.006577481853239115
1558,-0.01617516245740003
1559,-0.3955251084179575
1560,-0.3398540960794767
1561,-0.3516824896638698
1562,-0.2093836817227989
1563,-0.0413237135959565
1564,-0.5438534098622371
1565,-0.48643790773960555
1566,-0.30795561736139393
1567,-0.6151320764920138
1568,-0.2585752125053816
1569,-0.17314169199931734
1570,-0.0753805351308872
1571,-0.17033609038849903
1572,-0.47396431252743076
1573,-0.22990225993783317
1574,-0.8168693899799061
1575,-0.176775587542262
1576,-0.5612396165484345
1577,-0.2308659190614846
1578,-0.3386446716408021
1579,-0.1529960860108695
1580,-0.41115782225882563
1581,-0.31869238079841594
1582,-0.5476674163378462
1583,-0.02570433262123165
1584,-0.5651542243098032
1585,-0.31977874329582057
1586,-0.21589217504605887
1587,-0.9648027093463466
1588,-0.3113649640168277
1589,-0.22769062662661674
1590,-0.3229746301622615
1591,-0.5067613863779759
1592,-0.0026603500017416118
1593,-0.3377885030152778
1594,-0.5074891167658974
1595,-0.3333605913573875
1596,-0.46286717530070215
1597,-0.44484761832979214
1598,-0.33670024763762646
1599,-0.18511105996101074
1600,-0.1542956879407366
1601,-0.3319551569197903
1602,-0.057366083774380926
1603,-0.44940275116405126
1604,-0.41249900966720354
1605,-0.677952456686966
1606,-0.10273196548360093
1607,-0.13235689369821702
1608,-0.31196854799849455
1609,-0.7224139076018663
1610,-0.18580538551426892
1611,-0.6191461204972097
1612,-0.33467948605492726
1613,-1.0605507437494257
1614,-0.02975552797682344
1615,-0.6552810919767487
1616,-0.23345882479589383
1617,-0.09373891162207723
1618,-0.10127725273493232
1619,-0.8002617198088371
1620,-0.653990745350197
1621,-0.14255492906727313
1622,-0.8405548830116057
1623,-0.2514877919946587
1624,-0.8265059731095081
1625,-0.318194354585778
1626,-0.31695630399372055
1627,-0.3505720086318272
1628,-0.4388783140770092
1629,-0.4939525252793319
1630,-0.3283352772503618
1631,-0.003177785614145764
1632,-0.041386645086975024
1633,-0.4802144333751648
1634,-0.03651971416544936
1635,-0.5455565398743045
1636,-0.22966280915587856
1637,-0.26774779129211973
1638,-0.40251679499657844
1639,-0.3030349542989224
1640,-0.8243627163127556
1641,-0.055976268086219166
1642,-0.26741964949292063
1643,-0.46269446972521633
1644,-0.10273340573806085
1645,-0.3615274248601196
1646,-0.8448652311639001
1647,-0.0860885660696878
1648,-0.5477639067745027
1649,-0.38608565360785135
1650,-0.17039266017553797
1651,-0.3223613194356545
1652,-0.6450601667385575
1653,-0.31043948877687094
1654,-0.6736335827475595
1655,-0.9835542452193107
1656,-0.035884052773225684
1657,-0.4439303333522698
1658,-0.5665332026763066
1659,-0.039522840272082416
1660,-0.29864514585260804
1661,-0.30740621767432225
1662,-0.11446949923074562
1663,-0.3460029107075934
1664,-0.2064267961205301
1665,-0.41300317490097616
1666,-0.22059583194272103
1667,-0.18726404931720536
1668,-0.11497031458349191
1669,-0.11599487460697885
1670,-0.09204884621961544
1671,-0.537096672644014
1672,-0.4683612705647937
1673,-0.42401220690222774
1674,-0.46653537847300314
1675,-0.26801640996612475
1676,-0.5593267531404664
1677,-0.26474105723242436
1678,-0.38889064574989257
1679,-0.16869378092366752
1680,-0.22643352274000708
1681,-0.18137950722937127
1682,-0.694151610259368
1683,-0.46264685264319044
1684,-0.26963046079047714
1685,-0.16897996049073644
1686,-0.5972943221904196
1687,-0.5206288724700281
1688,-0.05749047768508645
1689,-0.8543494056792335
1690,-0.6381120529777992
1691,-0.31214067819440733
1692,-0.08474940389619245
1693,-0.7452860479087926
1694,-0.5206724153644433
1695,-0.5377327736357667
1696,-0.430779673568742
1697,-0.08920498800075817
1698,-0.21232504710418365
1699,-0.22346041997602495
1700,-0.7802425329679018
1701,-0.13964013221695207
1702,-0.5588053114468264
1703,-0.1553969432760722
1704,-0.2462024694507861
1705,-0.031092780662089384
1706,-0.3008443113774993
1707,-0.387621554124079
1708,-0.15626808858647925
1709,-0.5981912309991173
1710,-0.2050531201366871
1711,-0.23000356099128924
1712,-0.2306547317580965
1713,-0.024562444677863917
1714,-0.1789582431204373
1715,-0.10767781561916683
1716,-0.2292549402523719
1717,-0.3812006373073622
1718,-0.4087755181049842
1719,-0.04333442994693625
1720,-0.578548893189918
1721,-0.013137975153712064
1722,-0.22233397941265529
1723,-0.1533722648444075
1724,-0.34841464382113874
1725,-0.162404873281887
1726,-0.35628499374071837
1727,-0.3484408445830226
1728,-0.4670694194829661
1729,-0.5786256727621768
1730,-0.23502576054871652
1731,-0.23378912696414608
1732,-0.5302217264609999
1733,-0.2286672987753057
1734,-0.5362444135980008
1735,-0.43989418455887047
1736,-0.8362438064638174
1737,-0.2712740210440473
1738,-0.8016483390402094
1739,-0.0572603685996424
1740,-0.5454173492334693
1741,-0.1472338456744755
1742,-0.66473080489131
1743,-0.635191794267456
1744,-0.848956247329176
1745,-0.6981409616884949
1746,-0.0937305798712002
1747,-0.0014374248193542597
1748,-0.40653021796503175
1749,-0.7826303871521195
1750,-0.34732179538372615
1751,-0.2240148608561388
1752,-0.8963375229805843
1753,-0.656431246099522
1754,-0.7596805412267457
1755,-0.12130895046082237
1756,-0.17363205503671508
1757,-0.26980682843533543
1758,-0.2789925499344239
1759,-0.8878018382958882
1760,-0.12204187251397995
1761,-0.22504362675739453
1762,-0.6300566893442134
1763,-0.6847965748575665
1764,-0.10676979476777242
1765,-0.5999742643550898
1766,-0.22609757583033818
1767,-0.002218580628914
1768,-0.17112832490851185
1769,-0.26244413464133265
1770,-0.2163908021751186
1771,-0.240467177826019
1772,-0.48500946177383714
1773,-0.6632694939505356
1774,-0.22741036754765745
1775,-0.46404074718305666
1776,-0.31702973653036687
1777,-0.0050703253969893525
1778,-0.18435484874846209
1779,-0.7188747615748097
1780,-0.4060187789621133
1781,-0.6216761650613724
1782,-0.5746473300523275
1783,-0.1281341464610849
1784,-0.4170132550111095
1785,-0.321406579410735
1786,-0.7032227183293946
1787,-0.4876414371475429
1788,-0.29697416902065865
1789,-0.11520826312067739
1790,-0.3486313907370592
1791,-0.7540713022153266
1792,-0.5324934323989616
1793,-0.8898655171513525
1794,-0.3809961832942598
1795,-0.031217496241733984
1796,-0.4254385425272989
1797,-0.22700613524204633
1798,-0.42308263269227925
1799,-1.1541839057936771
1800,-0.08521822276379189
1801,-0.8139594525926537
1802,-0.36744337745862643
1803,-0.3947312093387858
1804,-0.06370141652786036
1805,-0.4504981720216494
1806,-0.3437995356446463
1807,-0.7566547150241506
1808,-0.275451641752252
1809,-0.45169427563000586
1810,-0.7815025123887197
1811,-0.17640982430529153
1812,-0.3870684663017623
1813,-0.24805906459641708
1814,-0.2721662111937773
1815,-0.3359093919090687
1816,-0.5900493202512552
1817,-0.16981188123019358
1818,-0.3786664365014659
1819,-0.06941392224995581
1820,-0.31596922290629087
1821,-0.38441955802594957
1822,-0.06926896653447563
1823,-0.3642241075030936
1824,-0.26328689864842075
1825,-0.26912504621242417
1826,-0.4946259368782789
1827,-0.5036082260792637
1828,-0.024493626314218732
1829,-0.37032305055044895
1830,-0.3703801250578489
1831,-0.31438482126803274
1832,-0.5491966992240918
1833,-0.0204345637873616
1834,-0.7318179147222356
1835,-0.664810088445347
1836,-0.37284181695472507
1837,-0.1574551311688315
1838,-0.1213838752655117
1839,-0.1346546188075373
1840,-0.0634488269081165
1841,-0.4978901775426289
1842,-0.07979598313116648
1843,-0.09351629282647962
1844,-0.5529703631680832
1845,-0.7406161885665896
1846,-0.015105703374441514
1847,-0.533201004087016
1848,-0.4258514665981732
1849,-0.23424520413191416
1850,-1.0851507850682605
1851,-0.33502559643904073
1852,-0.20732147165923076
1853,-0.049805215440355974
1854,-0.7097008275240717
1855,-0.5494125124851641
1856,-0.12412670224970594
1857,-0.008442754448962728
1858,-0.052155122566176174
1859,-0.8159358993638517
1860,-0.10590902942879127
1861,-0.04345227686351662
1862,-0.5255792264439451
1863,-0.1541417124914952
1864,-0.0705424903685786
1865,-0.5985858331465488
1866,-0.406674557611869
1867,-0.002458327057085163
1868,-0.03421670090310111
1869,-0.8229102695536537
1870,-0.5461406799372052
1871,-0.5236137757287767
1872,-0.5391730032284765
1873,-0.24154743301451428
1874,-0.10002128357388243
1875,-0.4353890328107813
1876,-0.11019388201460785
1877,-0.257368036314281
1878,-0.5092770872656741
1879,-0.42155749050810115
1880,-0.28016732805884054
1881,-0.6152707554964626
1882,-0.04771268987170671
1883,-0.009904055381848834
1884,-0.470200765453508
1885,-0.35300770072720844
1886,-0.3875734419143114
1887,-0.1224060486669734
1888,-0.12027772674850654
1889,-0.4695042648484937
1890,-0.41950684950886075
1891,-0.37654633959482886
1892,-0.7240981353948639
1893,-0.09859348910717286
1894,-0.05079416663794583
1895,-0.9318401031907458
1896,-0.7198317568770451
1897,-0.14138672688661139
1898,-0.8679039264263407
1899,-0.01643305427070311
1900,-0.2791105816930001
1901,-0.34313382525379477
1902,-0.2414771646129574
1903,-0.4118345794593754
1904,-0.2610157439625283
1905,-0.2402383144307383
1906,-0.1802345192610451
1907,-0.004431047869669795
1908,-0.8035513853496884
1909,-0.7730526408935879
1910,-0.13134301230100062
1911,-0.12825196117545012
1912,-0.4905888199187613
1913,-0.3862462685462381
1914,-0.25113995837871433
1915,-0.20504184360559902
1916,-0.15795959026899867
1917,-0.10634550293187363
1918,-0.5404934856542339
1919,-0.11238543103161608
1920,-0.8128563011628325
1921,-0.1835837403119335
1922,-0.41994453073618787
1923,-0.2377581708841653
1924,-0.3739599779539139
1925,-0.40200471161034057
1926,-0.5907585519342103
1927,-0.1072231813014888
1928,-0.4791847422403793
1929,-0.45694538776969773
1930,-0.5629432500134322
1931,-0.408591780461473
1932,-0.9581512550409974
1933,-0.3529445166657098
1934,-0.09225570821819581
1935,-0.5291202775321541
1936,-0.8095723856098854
1937,-0.8435535720830977
1938,-0.572493271238976
1939,-0.5993184020146665
1940,-0.17772722581790135
1941,-0.40004982800567557
1942,-0.06275440331657597
1943,-0.3025690853116559
1944,-0.11811397655668127
1945,-0.1162901436648368
1946,-0.504720027605459
1947,-0.2385769868598744
1948,-0.3336148350908371
1949,-0.1517182503964292
1950,-0.2719477859472565
1951,-0.07269039028500422
1952,-0.5363600030218563
1953,-0.09888595310959555
1954,-0.1401115802211293
1955,-0.2101889597206974
1956,-0.2604121552784543
1957,-0.013606831371266523
1958,-0.14345485763375873
1959,-0.12797370119289672
1960,-0.25983984001478994
1961,-0.43326263315544494
1962,-0.49390337465624484
1963,-0.32715542537214337
1964,-0.2291083928157825
1965,-0.12043071921893582
1966,-0.0009717258456396434
1967,-0.19502029222886869
1968,-0.48423488964568256
1969,-0.4433814334963329
1970,-0.17951202570647884
1971,-0.1457317611717325
1972,-0.23028632262043275
1973,-0.2333865513303711
1974,-0.04144568663219524
1975,-0.7329578454103469
1976,-0.04803127793893773
1977,-0.03799638808253399
1978,-0.25459711537417296
1979,-0.5779458496750011
1980,-0.24326689348705952
1981,-0.22490397612825705
1982,-0.05376088842281958
1983,-0.1794963507017246
1984,-0.6551610574480023
1985,-0.0018928189370783126
1986,-0.006614682760996229
1987,-0.22244289023087022
1988,-0.2707262177087687
1989,-0.6315606012341047
1990,-0.8878713401973539
1991,-0.0030175413882737438
1992,-0.170653643037549
1993,-0.19362073261631674
1994,-0.012293453578099788
1995,-0.22856829434145673
1996,-0.18371061879400727
1997,-0.4137764424443691
1998,-0.05948443045915673
1999,-0.23536752593204904
