,IC objective pessimistic
0,11.593662253059437
1,11.570547968198596
2,7.712210921320595
3,11.625520922648114
4,11.564622084489768
5,11.623453674758935
6,11.591905026302058
7,11.570638458382588
8,11.624641217123147
9,8.357392363400558
10,11.602352319622582
11,7.6462395986822225
12,11.586916634455813
13,11.571984403970964
14,11.575045231086996
15,11.58119782305097
16,11.57388182054743
17,11.586237855281931
18,11.62737922862681
19,11.570829826954084
20,11.603378594339828
21,11.570526814255759
22,11.57993977214016
23,8.418261629998042
24,11.597599762200668
25,11.27267353502591
26,11.59475309835584
27,11.570659071144263
28,11.62754964101035
29,11.583046820378557
30,11.572658663249538
31,11.583498265797965
32,11.60551836706552
33,11.606834745978158
34,11.599409963263774
35,11.608269815945384
36,11.57257324266339
37,11.58744610479695
38,11.625244604491412
39,11.578780068945742
40,11.611012564390055
41,11.587998064901791
42,11.570526792911592
43,11.580067054624035
44,7.275960239700036
45,11.570551091220784
46,11.607287534378013
47,11.61813157853176
48,11.609624373734537
49,7.6929173488512586
50,11.626069526855746
51,11.630397312946473
52,11.578596536287986
53,11.58116152085676
54,11.584050595402584
55,11.59602114981847
56,11.611086904995439
57,11.604221296505782
58,11.608860093169582
59,11.57059019790422
60,11.606316646730194
61,11.57104889510479
62,11.571905338474114
63,11.584479349873225
64,11.614184053329838
65,8.357522994168153
66,7.694890453770508
67,11.570459994076733
68,11.61336484809572
69,11.570646669338425
70,11.579556394785184
71,11.596340937991874
72,11.571046067651121
73,11.570986542536362
74,11.612915957433133
75,7.456245139362007
76,11.571142881790605
77,7.6604452223161354
78,7.214154546905313
79,11.595731262984884
80,11.60124445991778
81,11.579123368292912
82,11.570582918465982
83,11.571600401473672
84,11.58526340562816
85,7.700074985794366
86,11.587108045112872
87,11.598008222944395
88,11.540691101502453
89,7.724883689425686
90,11.576546201346133
91,11.580103343317433
92,11.440656591469896
93,11.600598255619637
94,11.60381422133976
95,7.721354994687469
96,11.364985928397578
97,6.830169039481072
98,11.610941348157832
99,11.619594037000057
100,11.611768033685133
101,11.355637702377152
102,11.57136730073177
103,11.594063111811835
104,7.512586882944936
105,11.612352453346798
106,11.605174675161992
107,11.580580916447984
108,11.604340822869355
109,11.589803245455295
110,11.584227516406807
111,11.616895400092439
112,7.687688084435399
113,11.590607442021575
114,7.182852560392262
115,7.721154502858554
116,11.583640144165397
117,11.597670128369616
118,11.572450769831095
119,11.619235611384974
120,11.634499232894706
121,11.621233257390609
122,11.570635398339748
123,11.585554713423718
124,11.577465108284773
125,11.582775483203708
126,11.571350178388823
127,11.57052684842366
128,11.619358115671755
129,11.58622845521021
130,11.624839197246496
131,11.57277953278669
132,11.626549106954025
133,11.622272742647409
134,11.57813201905629
135,7.714965909247513
136,11.57186491989624
137,11.582971771080706
138,11.600026742698953
139,7.458956602686591
140,11.621798404353326
141,11.600513322961845
142,11.571625440278396
143,11.584624869823855
144,11.578172966261617
145,11.630693543030507
146,11.628746763579953
147,11.57280213372187
148,11.442097262769993
149,11.509035471123564
150,11.63424817672282
151,11.572197535795294
152,11.643090046963465
153,11.634826087303814
154,11.58539043963599
155,11.571481276961661
156,11.608042218088757
157,11.410853099924434
158,11.578609799115675
159,11.571489767909945
160,11.592112675388124
161,11.570526771115015
162,11.610059913555572
163,11.570608429123556
164,11.590227641848537
165,11.571353396132087
166,11.570595970200477
167,11.595142388996846
168,11.597291258907488
169,11.574507864416756
170,11.621678765448584
171,11.60306233140525
172,11.570607745701743
173,11.615356074697214
174,11.611003627613602
175,11.580339555604464
176,11.363986928556567
177,11.595925060609861
178,11.640036507119174
179,11.616740927829278
180,11.62025380013629
181,11.588364567934773
182,11.589331023718723
183,11.57149336839562
184,11.655965383570372
185,11.583594543660979
186,11.573095405047784
187,11.595011546196314
188,8.465112740514051
189,11.606854999593802
190,11.591086295589333
191,11.604479522812937
192,11.601288673697825
193,11.571804245559278
194,11.570557992899971
195,11.625019749265137
196,11.57321058090121
197,11.576217385527766
198,11.633638264305839
199,11.572864167131934
200,11.572944846326221
201,8.4356899831775
202,8.440776984427115
203,11.571124139236913
204,8.383377573169568
205,11.572748255589467
206,11.620627472061187
207,11.6164161067215
208,11.478398487287476
209,11.596965436306476
210,11.583894970933493
211,11.578415244036403
212,11.609284296409768
213,7.639495616067152
214,11.571191637621057
215,11.592301149944252
216,11.58333597845161
217,11.601431024220922
218,11.627809497255313
219,11.570780928476662
220,11.574047004887303
221,11.579158520200433
222,11.421281097344874
223,11.571733235375671
224,11.589804927865163
225,11.570526674592257
226,11.600438324217345
227,11.571305182122448
228,11.609249530987723
229,11.607628775243517
230,11.598400080550226
231,11.596540585728007
232,11.578314727284974
233,11.571205006774287
234,11.57492551379736
235,11.570637593908165
236,11.625097029488956
237,11.605616925488246
238,11.543117479022362
239,11.570526804987551
240,11.533685441456011
241,11.607549599371275
242,11.592861080998347
243,11.601608417929883
244,11.571231054914668
245,11.620717805165715
246,11.5897216422155
247,11.59006906592114
248,11.604791115913503
249,11.615763960574327
250,11.612681012596058
251,11.63013520796487
252,11.617392943579441
253,11.604546958557833
254,11.607137824705138
255,11.587558792574185
256,11.578030783435011
257,7.279475811091
258,11.57967116663912
259,7.183110668399745
260,11.612204092833748
261,11.593876232736827
262,7.66379175514991
263,11.62680220269515
264,11.606460987043198
265,11.5673130939326
266,11.572003538410618
267,11.596649438226521
268,7.74752342492254
269,11.618867843475364
270,11.57083945628586
271,11.57684526489094
272,11.63485507088907
273,11.59313046555147
274,11.598003046034599
275,11.638701857545994
276,11.58309448233724
277,11.602792012705661
278,11.580807702386384
279,11.571177983013587
280,7.7284288852062994
281,11.629777823712816
282,11.62049528855253
283,11.586993316443955
284,11.574158147176238
285,11.60217292069625
286,11.570532120151071
287,11.585146325999743
288,11.624441786659617
289,11.598471359782614
290,11.574314602220014
291,11.571790961831388
292,11.570615480335492
293,11.626523391330212
294,11.605846388179284
295,7.6937337757285436
296,11.604562968875086
297,7.424817626538499
298,11.570543964680757
299,11.583073016617739
300,11.537138710852929
301,11.618358021248742
302,11.585846691923841
303,11.614767695021765
304,11.633062127815142
305,11.570545344629023
306,11.617913629978565
307,11.570546839701537
308,11.586978407642723
309,11.640798101355873
310,11.597953729026058
311,11.612375837958156
312,11.580849126614954
313,11.58851115560866
314,8.326520152010284
315,7.335136874921931
316,11.593501970308779
317,11.605741828068572
318,7.354029879429802
319,11.573058117380256
320,11.610460614667657
321,11.621552028509921
322,11.570552270885875
323,7.2247920816706275
324,11.587868999499582
325,11.5705386826119
326,11.618771103060629
327,11.615708784643365
328,11.58710223134985
329,11.624764570164876
330,11.579382794432107
331,11.596859910722879
332,11.589340376693668
333,11.610132226782444
334,11.579065163552347
335,11.578946357725853
336,11.634169070903786
337,11.596425304029072
338,11.570728941140967
339,11.609350025320408
340,11.631384334977504
341,11.57279754412949
342,11.64727547399829
343,11.57067937548769
344,7.730450764717262
345,11.638907393543704
346,8.351940101737203
347,11.607186359937304
348,11.59342393772979
349,11.571077348418696
350,11.581494355686393
351,11.62532174203609
352,11.59232180590054
353,11.574677441119652
354,11.629398718459395
355,11.513024950204802
356,11.571314846825473
357,7.766306964993031
358,11.61406813048317
359,11.607989905925406
360,11.60095422655175
361,11.605963903041927
362,7.55545617419562
363,11.570927146964278
364,11.592922002276746
365,11.600569815612179
366,11.602520407215478
367,11.603665423398304
368,11.59378278578382
369,11.62935554146392
370,11.610420001151299
371,11.527724346296477
372,11.573319684792411
373,11.584978215024853
374,11.573145534220568
375,11.565503677932567
376,7.791112052104344
377,7.739084570355158
378,11.61163462107829
379,11.583471531267353
380,11.63083211188919
381,11.596855203991439
382,11.570526583980897
383,11.604386583617014
384,11.598295924761715
385,11.570537360314516
386,11.596057091822132
387,11.618564546921545
388,11.570526779835523
389,11.570526695593529
390,11.593504926513724
391,11.583863150211004
392,7.689771439621571
393,11.610607013335963
394,11.587813234629133
395,11.619990987391848
396,11.580402936675261
397,11.592287525444544
398,11.573869467580698
399,11.618020424719251
400,11.616830658796756
401,11.589583389954841
402,11.610477432062432
403,7.326249186317072
404,11.602949411809623
405,11.631598500288218
406,11.614773428497626
407,11.606516974337215
408,11.570898153576868
409,11.58050847231803
410,11.612603051630854
411,11.584760902278402
412,11.491534994369358
413,11.5789249435809
414,11.570549398038978
415,11.611499314191619
416,11.580159459986437
417,11.543314596392731
418,11.599361284450778
419,11.618352433278707
420,11.525186954570596
421,11.608731371269329
422,11.603306308506662
423,11.598788070289695
424,11.58591769712043
425,11.6171924052229
426,11.601204719445855
427,11.571648985203275
428,11.58303382806259
429,11.593237204858992
430,11.643394089237367
431,11.586001495565322
432,11.645490806069263
433,11.571906544127469
434,11.58158047084469
435,11.576613647198366
436,11.585514384720568
437,11.579669233619269
438,7.700748888493172
439,11.57984260296519
440,11.571815171305882
441,11.572513020685252
442,11.589959141215523
443,11.570526816689933
444,11.610141569881494
445,11.595317717325544
446,11.365507569798202
447,11.582528978694349
448,11.596852505516564
449,11.588001444081819
450,11.604823467640214
451,11.57080163703282
452,11.580630962883781
453,11.572963525701285
454,11.605862468131331
455,11.611789217294831
456,11.620003867160321
457,11.576306531778048
458,11.585303610446271
459,11.575292470914123
460,11.595949397204631
461,11.597632048999921
462,11.579715680686407
463,11.620667778381854
464,11.613424410494517
465,11.589092341791082
466,7.6554377387845225
467,11.622251899150468
468,11.582422401040686
469,11.57053663500905
470,11.571026462492009
471,11.577646016549926
472,11.5784874558751
473,11.634576274172666
474,7.732109718892225
475,11.609576243749117
476,11.570641806133647
477,7.710080988774234
478,8.35202087136487
479,11.573339053113271
480,11.630633518483982
481,11.606440962576402
482,11.577348185419446
483,11.584358007931419
484,7.705974222159508
485,8.41561371025102
486,11.607169600996983
487,11.60477214789792
488,11.571067407526463
489,11.59571810768791
490,11.589849804255065
491,11.606943973659979
492,11.570532670998878
493,11.57054080893146
494,11.579118039484
495,11.607970934710792
496,11.617510600694963
497,11.598269024108792
498,11.579145042520667
499,11.573763117997682
500,11.541263275977379
501,8.418538961320616
502,11.636694685516145
503,11.596431604282941
504,11.667417284639242
505,11.585697684223035
506,11.570533658726516
507,11.58541463285401
508,11.570816545678584
509,11.577926717435826
510,11.604220047054515
511,11.576455595822184
512,11.613439790342875
513,8.335060569279731
514,11.570530069282634
515,11.588582316346345
516,11.653549291589556
517,11.639492067238821
518,11.608058627297261
519,11.6033307969456
520,11.561713037328095
521,11.570526812063846
522,11.632261900774038
523,11.561550426481203
524,11.642857631861272
525,11.600363259561268
526,11.52035980013175
527,11.610972742729707
528,11.570526815411835
529,7.69911059406329
530,11.575434262903833
531,11.571759991433003
532,11.570592713444464
533,11.572520199931342
534,11.581647056051388
535,11.611562185032186
536,11.577183019915338
537,11.6278868811471
538,11.646435537179748
539,11.641834138620203
540,11.545088632490586
541,11.589102761735438
542,7.677677035412137
543,11.591622549736842
544,7.667520237460097
545,7.727629207180364
546,11.575248001913083
547,11.615187074932136
548,7.7922558780176345
549,11.573047457403812
550,11.64469195506723
551,11.607292223687802
552,11.602553242854173
553,7.3848545217956545
554,11.59603137288595
555,11.603163915930175
556,7.685261190715144
557,11.58828590087138
558,11.61745646771853
559,11.570546136713492
560,11.572076995605043
561,11.571148041231597
562,11.5956953753535
563,11.585107810718357
564,11.596873142388006
565,11.624348124461791
566,11.575194961946943
567,11.570828481133562
568,11.607180293090428
569,11.571131990074793
570,11.254241940085688
571,11.571835050964163
572,11.530312903852343
573,7.492561250601079
574,11.547058744037463
575,11.570818616394883
576,7.710087845465808
577,11.59065856041443
578,11.58413552009851
579,11.592601954458793
580,11.571354639715137
581,11.567936111773912
582,11.586572203276992
583,11.571360161450382
584,11.632348920878485
585,7.449679305233979
586,11.584258548535628
587,11.622125859724132
588,11.57055132911352
589,11.584758535485062
590,11.584080978185721
591,11.570528603663247
592,11.57884815740322
593,11.581997270575176
594,7.618885504083061
595,11.625789798940799
596,11.571133741075105
597,11.622083205336452
598,11.606315220094022
599,11.59724240309555
600,11.59772201249639
601,11.585771805747111
602,11.570608820003208
603,11.583816649471785
604,11.571971503291802
605,7.241815008809721
606,11.570526904455708
607,11.57356963432272
608,11.570541657134157
609,7.689695612594626
610,11.642988915018325
611,11.599591758874023
612,11.58885952861776
613,11.593805391330706
614,7.322620592401166
615,11.570809723675136
616,7.71920566958806
617,11.59477805884134
618,11.60772062130877
619,11.573214886115146
620,11.573748791600787
621,11.608641442446116
622,11.607121650284922
623,11.555885411410694
624,11.582024259149042
625,11.586115790115151
626,7.55629604300814
627,11.602261548645414
628,11.620879583172842
629,11.602791654457622
630,11.613607170436378
631,11.589265872356371
632,11.578537458986633
633,11.57120261069227
634,11.606478510797698
635,7.692789381875581
636,11.597659643978284
637,11.652208897543748
638,11.625626087155991
639,11.589564804004382
640,11.57072435783469
641,11.616857450052008
642,11.579967388692172
643,11.57201377693512
644,7.650125885589045
645,11.573535335813995
646,7.736241261930462
647,11.59904438550593
648,11.571106859012358
649,11.60685516002736
650,11.608190563368952
651,11.581680139271032
652,11.619156716672483
653,11.601393379541415
654,11.59169071207205
655,11.570717851531963
656,11.584146688281743
657,11.571354090433271
658,11.570526767208325
659,11.579322344854738
660,11.641264398245717
661,11.594728926024278
662,7.503941457898763
663,11.610559928994538
664,11.620464335479854
665,11.625625639037743
666,11.57055116416481
667,11.583876083392477
668,11.571729781054133
669,11.574328164557215
670,11.570526821797342
671,11.571233471159745
672,11.586935727561542
673,11.570844437290003
674,11.597547157325721
675,11.594443593312977
676,11.57052681420727
677,11.585016990474315
678,11.593304857328855
679,11.585020534995026
680,11.620720565441328
681,11.599877245752108
682,7.409156214540287
683,11.573503357917897
684,11.571042766730004
685,11.46870903721979
686,11.571415340979788
687,11.589363758290618
688,11.580761485781084
689,7.231665752371017
690,11.585586324704005
691,11.612730224734895
692,11.589289410441602
693,11.571609159948032
694,11.60819206807183
695,11.589189066436639
696,11.59510930721863
697,11.57063130512653
698,11.494681160759368
699,11.57429763185926
700,11.582638630861656
701,11.570526800973251
702,11.58410829683086
703,11.589745111973954
704,11.570678145055972
705,11.584325793278055
706,11.588992034124777
707,11.610932993118277
708,11.606095342672898
709,11.576008607508232
710,11.461142260338647
711,11.58319808704061
712,11.59080914953163
713,11.585271267938785
714,11.581071481159801
715,11.570608208167908
716,7.706163422839677
717,11.607649464643606
718,11.572641736186975
719,11.5705268030687
720,11.57150869313441
721,11.594442133252008
722,11.58029934745429
723,11.57086735985597
724,11.615621299195025
725,11.6100799407554
726,11.60921298413421
727,11.609513061253526
728,8.461593936382403
729,11.594008367402408
730,11.58512229928493
731,7.415591203082966
732,11.572326549001497
733,11.570555382846466
734,11.616789240245234
735,11.599758796326185
736,7.69338434444117
737,11.619135909116553
738,7.481459642661121
739,11.635633090756764
740,11.615733055410463
741,11.572384422511625
742,11.638645165877932
743,11.630908405142861
744,11.583707474974618
745,11.581712788876352
746,11.578649454021829
747,11.570604555156107
748,7.145366623591023
749,11.58998758522275
750,11.595941380795635
751,11.572986412843157
752,11.573708528210739
753,11.59571832263203
754,7.662944494295166
755,11.57071354819471
756,11.613650701255095
757,11.570552384992807
758,8.37621522132118
759,11.593722780375458
760,11.58156421105296
761,11.617112576241782
762,11.572098651577683
763,11.639787754128372
764,11.594942875225058
765,11.570636280432502
766,11.578069328753564
767,11.585357352977102
768,11.581536480200624
769,11.5969589839014
770,11.575572144167694
771,11.57621785254458
772,11.603359792060866
773,11.574391757456446
774,11.61898661298101
775,11.579224998725078
776,11.570600383257025
777,11.601559142070718
778,11.586221991689039
779,8.346762240105408
780,11.589694369712868
781,11.62480466901173
782,11.586402144010881
783,11.596313044454227
784,11.665752868131317
785,7.751301287348519
786,11.601845083314128
787,11.574895809209
788,6.794482639616238
789,11.593376035724773
790,11.577315900177108
791,7.662720381793707
792,11.59095673659215
793,11.570526781158751
794,11.57769777572981
795,11.570542833487416
796,11.604846854735442
797,11.589201109928043
798,11.571438232592364
799,11.577465304620993
800,7.719293518320031
801,11.570959673822367
802,11.5720342410278
803,11.570770529937063
804,11.604908065551374
805,11.56555879420196
806,11.501241488862505
807,11.607474467982806
808,8.356637935596464
809,11.650223321073442
810,11.570680512589231
811,7.7580185695421
812,7.773040662159603
813,11.588019448359416
814,11.603108019277059
815,11.628520591177598
816,11.621722681490835
817,7.783130343909472
818,11.57122600096306
819,11.572310860474532
820,11.604988722270496
821,11.598072212964833
822,11.589609113507311
823,11.596681168980377
824,11.58668334950784
825,11.572080286378988
826,11.610510900760875
827,11.57063941383031
828,11.609372762233965
829,7.73000155866044
830,11.576965430088347
831,11.571139929045332
832,11.589931380901065
833,7.21023664723363
834,11.598300222889199
835,7.713117032755768
836,11.59541956829524
837,11.597539753278122
838,11.643664631424503
839,11.58998364995648
840,11.60454300141436
841,7.511368475691068
842,11.570532830845496
843,8.482205448947873
844,7.231137119068882
845,7.333087012912468
846,11.413555183549695
847,11.597210433401248
848,7.743081599870545
849,11.621695539836978
850,11.571259034084122
851,11.554298562433564
852,11.5706122558365
853,11.575220726393805
854,11.572865098056692
855,7.185547537014967
856,11.570658584113676
857,11.575836021482727
858,11.607442614818783
859,11.572107189964193
860,11.603207041114665
861,11.6061319783322
862,11.5709385775478
863,11.57159564160468
864,11.574497065933766
865,11.570543050563007
866,11.572251294164738
867,11.572210017991438
868,11.6314944443088
869,11.588468679739995
870,11.583289193568193
871,7.480834692603318
872,11.58205070348582
873,11.599519300650517
874,11.570882397892468
875,11.62963106582338
876,11.581371334724437
877,11.580495574856345
878,11.619198435485186
879,7.461123439889963
880,11.590690964289298
881,11.61568959303261
882,8.349778043492496
883,11.626675314611484
884,11.570526779370285
885,8.369256255860094
886,11.583659204880039
887,11.61230049383872
888,11.629829601728924
889,11.570598904862685
890,11.586830685285529
891,11.570886663993017
892,7.440724888331578
893,11.59640760506436
894,11.592642319603318
895,11.590525474617284
896,11.584194645248603
897,11.570565849641813
898,7.283822669507715
899,11.616631405297055
900,7.536097281321337
901,11.570526951068686
902,11.595728829692973
903,11.598867105992715
904,11.600905690372063
905,11.454304769399293
906,11.592595535718514
907,11.57294245591418
908,11.5706888239458
909,11.570551508246686
910,11.595772360213466
911,11.610511937300013
912,11.57266458304719
913,11.570526813833814
914,7.635535820314229
915,11.570527125269805
916,11.571785800060107
917,11.572014602041738
918,11.596709579566125
919,11.570567437678728
920,11.584972253199668
921,11.571170659088693
922,11.584773355674628
923,11.571119232536056
924,11.606018524188396
925,11.572697815449914
926,11.59246393232252
927,11.576759240640476
928,11.636361207298847
929,11.570734799215847
930,11.607307832142597
931,7.704287754590112
932,11.590034951150813
933,11.413911485629903
934,11.604225961747675
935,11.572224987911452
936,11.605673823098975
937,11.539960732170844
938,11.619228666387583
939,11.570843751020748
940,11.599178749526759
941,7.632822724369071
942,11.597746387635501
943,11.577896449003669
944,11.468582076362445
945,11.570527469540355
946,11.592394993738601
947,11.643560724089513
948,6.747256880667911
949,11.616277815590864
950,11.599268736036834
951,11.586085079034147
952,11.616217500348068
953,11.57605849560957
954,11.571276428452276
955,11.616293778507826
956,11.573681784080993
957,11.600929578514949
958,11.50578768989348
959,11.616904988648697
960,11.57473556401123
961,11.570665858204801
962,7.266723316973159
963,11.570546685375815
964,11.593570712200611
965,11.613557734336418
966,11.603341727338131
967,11.60092730687308
968,11.61708752452505
969,11.572885350769461
970,11.59839108740155
971,11.622584422939683
972,11.596267034145429
973,11.570526825055852
974,11.578976766674275
975,11.604206962683108
976,11.577231298696526
977,7.176489681416896
978,11.618767322320588
979,11.586286341157727
980,11.619852116124612
981,11.586816674067293
982,11.58408200772018
983,7.746832531610018
984,7.702841980576061
985,7.724857594596399
986,11.571368397210154
987,11.57122281738412
988,11.640933072854073
989,11.597895243587795
990,11.633043624611826
991,11.584856079802513
992,11.581558341749998
993,11.574311181293282
994,11.570735986461056
995,11.594391611329838
996,11.579145079627473
997,11.623462161262896
998,11.615037580519095
999,11.572713528148517
1000,11.616518334479988
1001,11.572705127976251
1002,11.63113020845584
1003,11.262823099296764
1004,11.604393436981393
1005,11.630455202549719
1006,11.570526693546768
1007,11.595869533379513
1008,11.589340663564078
1009,7.500526395739021
1010,11.604075142150606
1011,11.592393432815852
1012,7.38464805812919
1013,11.572343399190325
1014,11.648807635619555
1015,11.583873684403775
1016,11.623848489914913
1017,11.607809537106828
1018,11.577440261021657
1019,11.616261418214608
1020,11.60572949029572
1021,11.598954379389637
1022,7.738106135419355
1023,11.57052681813524
1024,11.574911563773023
1025,8.380165282327736
1026,11.607961736188047
1027,11.600212427710137
1028,11.595077491606402
1029,11.591102997487818
1030,11.614597701931249
1031,11.587429374002612
1032,11.587565354600498
1033,11.590597031621112
1034,11.579386980748446
1035,7.748201653841659
1036,11.574535186423063
1037,11.577321596386199
1038,11.600383064775757
1039,11.585979779411234
1040,11.592337567434123
1041,11.57460850162848
1042,11.604194439807053
1043,7.112410925472496
1044,11.53266845359213
1045,11.577560059951859
1046,11.619492554736029
1047,11.583428476291541
1048,11.592049652121254
1049,11.599249817593229
1050,11.570664186553088
1051,11.587884544070103
1052,11.57052681267163
1053,11.570883501100592
1054,7.195196632829123
1055,11.607619970561995
1056,11.57072083537599
1057,11.5706311700557
1058,11.575302592618408
1059,11.588640663199504
1060,11.529311024342682
1061,11.522102045586774
1062,11.5823575690452
1063,11.5942593984223
1064,11.597599136052136
1065,7.408930385066704
1066,11.573029714874519
1067,11.621438729676592
1068,7.722622743323474
1069,11.579045975836724
1070,11.595746824355965
1071,11.570527048391924
1072,11.571264239067112
1073,11.57252559493507
1074,11.57052681489057
1075,11.579041049613908
1076,7.65451638468905
1077,11.570583071227093
1078,11.576456040874113
1079,11.585648303943048
1080,11.57828270575441
1081,11.578498012743287
1082,7.225464448940614
1083,11.578079511153616
1084,11.57054500797725
1085,11.651312307774024
1086,11.57052679131279
1087,11.57101538574936
1088,11.56944986338957
1089,11.611557446281635
1090,11.57060353857001
1091,11.570669172248719
1092,11.602763691031136
1093,11.588776175182947
1094,11.618886912127696
1095,11.596220173265221
1096,11.570556890011709
1097,11.586340100808053
1098,11.572889669514563
1099,11.585892055840654
1100,11.571846814890922
1101,11.605673302467867
1102,11.621638887265004
1103,7.153631825924921
1104,7.687593317513755
1105,11.584055996844258
1106,7.498679626261896
1107,11.625919280598008
1108,11.62167977527268
1109,11.571167152204364
1110,11.634840029679136
1111,11.57738896245267
1112,11.582287177496362
1113,11.57207567347364
1114,6.778566447649111
1115,11.571076382593327
1116,11.571311453861421
1117,11.574899773127004
1118,11.585733695038844
1119,11.58156571904849
1120,11.620031240235708
1121,11.578535869611262
1122,7.712662440336023
1123,11.571706044151513
1124,11.621962148605169
1125,11.595830205392824
1126,11.570526816290785
1127,11.604448629789854
1128,11.576296022387908
1129,11.621686614486642
1130,11.573533739149655
1131,11.579643723160192
1132,11.57942829370035
1133,11.592449090823289
1134,11.57378392427727
1135,11.570843176523011
1136,11.597220912423237
1137,11.605738607210522
1138,11.571569705084322
1139,11.574769604093062
1140,11.626542639726255
1141,11.595319144926936
1142,11.611873056889202
1143,11.605793638851257
1144,11.625740579226095
1145,11.600881838062643
1146,11.570576075150017
1147,7.669628512800812
1148,11.571022332250307
1149,11.584669707566174
1150,11.609982293085777
1151,11.597567908071348
1152,11.645969664421198
1153,11.578348147297117
1154,11.60689397442455
1155,11.592282135246379
1156,11.570924005458217
1157,11.593669039697115
1158,11.606712654904388
1159,11.593770950118364
1160,11.46950986475094
1161,11.57059181474658
1162,11.57991947602756
1163,7.761203505946111
1164,11.611939677222514
1165,11.622804965676998
1166,11.585559741463484
1167,11.603833653861738
1168,11.57261755817163
1169,11.57885918699094
1170,11.619525398217009
1171,11.599360381533005
1172,11.600283977177765
1173,11.603868199517814
1174,11.592569689160918
1175,11.573127896616697
1176,7.05191814472653
1177,11.572379551058003
1178,11.276159435549706
1179,11.610900494454928
1180,11.57116946768197
1181,11.570595323742273
1182,11.586773551966468
1183,8.400319566629639
1184,7.511357847447014
1185,11.624576615237169
1186,11.570529167256693
1187,11.574980411865779
1188,11.586899034267859
1189,11.581333075407585
1190,7.750479096001868
1191,11.211381824125214
1192,11.59719897047756
1193,11.610751388000779
1194,7.553030262564109
1195,11.574388808709763
1196,11.579133974339323
1197,11.571181844029816
1198,11.571013480653999
1199,11.599555027311052
1200,11.598998838181288
1201,11.584607912631629
1202,11.576367938245422
1203,11.629856612522698
1204,11.616214485242995
1205,11.571685682010704
1206,11.589882126904378
1207,11.624105143001998
1208,7.748933864171599
1209,11.570582438236567
1210,11.570906272383677
1211,11.629234691288994
1212,11.57239559123913
1213,7.210174273639985
1214,11.62388788634604
1215,11.58021255646898
1216,11.571665513312487
1217,11.466560394274772
1218,11.570767599567647
1219,11.59398818846894
1220,7.204739698377747
1221,11.570864723854788
1222,11.579660727777396
1223,11.613290634748118
1224,11.591429786674821
1225,11.621626426900862
1226,11.600542373131084
1227,11.600563776554084
1228,11.374343255502538
1229,11.601497407003038
1230,11.58918355053044
1231,11.583052891420559
1232,11.584766695176349
1233,11.578644714367078
1234,11.57235826782693
1235,11.573091612054176
1236,11.612263314277493
1237,11.5706439587013
1238,11.6189849072628
1239,11.573706696323102
1240,11.646198735526868
1241,11.616896587520483
1242,11.61850061527335
1243,11.60739519850171
1244,11.583773606225085
1245,11.633744872568682
1246,11.609946655059773
1247,7.674126873513097
1248,7.234129852967542
1249,11.585342592609011
1250,11.570694826982026
1251,11.580082848158598
1252,7.235720858874942
1253,11.588639848974474
1254,11.597650031295176
1255,11.618916583885923
1256,11.573547486695425
1257,11.571619742752995
1258,11.570748540661494
1259,11.590683961309203
1260,11.587014698546836
1261,7.4710850221088405
1262,11.570550120158964
1263,11.638378039756601
1264,8.335162197878658
1265,11.57052797328703
1266,11.609832656740348
1267,11.57159824379094
1268,11.585416825651254
1269,11.582171830309472
1270,11.595933928422626
1271,11.582160206180168
1272,11.59099428463557
1273,11.571006673377957
1274,11.092134312047513
1275,11.58007950260753
1276,11.570526901518852
1277,11.57055842612871
1278,11.631270487312335
1279,11.587074939082612
1280,11.570560575970081
1281,11.570793288882617
1282,11.589655398604826
1283,11.603780657571212
1284,8.361541414917399
1285,11.573722479522557
1286,11.59059718904033
1287,11.580996613769912
1288,11.607405547770455
1289,11.612596276018092
1290,11.599846677237545
1291,11.572976955784904
1292,11.590084507788783
1293,11.5725569809524
1294,11.6049227247997
1295,11.58131952226762
1296,11.591162610694417
1297,11.295519478412839
1298,11.607948038770248
1299,11.583968747134737
1300,11.577992319403013
1301,11.597145151868157
1302,7.781312681309113
1303,11.570603072503292
1304,11.570566034810378
1305,11.602847598871687
1306,11.623989210570079
1307,7.718601238450247
1308,11.570526912113438
1309,11.619121627465512
1310,11.570733513930394
1311,11.596905369061862
1312,11.616569456455334
1313,11.570679899357424
1314,11.433716097644485
1315,11.628470602004073
1316,11.580002379080698
1317,11.60729400477551
1318,11.570999546852466
1319,11.624904661775622
1320,11.601217878981585
1321,11.609807331224964
1322,11.60608823055753
1323,11.573237930350475
1324,7.717676908226468
1325,11.616608847089141
1326,11.571084238734924
1327,11.57542818193969
1328,8.344675689471243
1329,11.570526791806385
1330,11.570814337302739
1331,11.616716853829198
1332,11.57446188256756
1333,11.586629924739148
1334,11.612596050244123
1335,8.369283380153519
1336,11.617031470361503
1337,11.590224527201386
1338,11.614610819561236
1339,11.63263324351429
1340,11.572109170491428
1341,11.570865286032559
1342,11.57171621090101
1343,11.594004170885658
1344,11.612338232672059
1345,11.570556148485098
1346,11.5927059669025
1347,11.577203123211829
1348,11.570619168972414
1349,11.619916171515758
1350,11.582087102505005
1351,11.622737176085254
1352,11.570611026808018
1353,11.62604833000101
1354,11.64973808254982
1355,11.571153945372169
1356,11.588762694533758
1357,11.570640087068407
1358,11.61967983457666
1359,11.571831099431149
1360,11.58124472912987
1361,7.4992588779705125
1362,7.48295381274587
1363,11.611820117545554
1364,11.131376332385676
1365,11.599896082574475
1366,11.58965141081893
1367,11.572657582454678
1368,11.599614860077564
1369,11.515173875916837
1370,11.602015814826583
1371,11.578590493989593
1372,11.576754830969863
1373,11.598826957668283
1374,11.585590152397268
1375,11.636343930354396
1376,11.570847337276701
1377,7.3679336923309195
1378,11.613373461204144
1379,11.622154583236721
1380,11.570758476264935
1381,11.614490714696926
1382,11.608363847168862
1383,11.57867807392492
1384,11.618517802876209
1385,11.597844221193961
1386,11.613530671895758
1387,11.633850583676908
1388,11.573929209358878
1389,11.57067652305193
1390,11.571969806809431
1391,11.570550677386874
1392,11.580283368194074
1393,11.583807897553015
1394,11.616966332864152
1395,11.623561242946561
1396,11.645456631221936
1397,11.580199436097013
1398,11.571464887359076
1399,11.618607360645974
1400,11.614316963175556
1401,11.572041168419561
1402,11.628558973397185
1403,8.421040236423515
1404,7.4421622818765165
1405,11.57833865785851
1406,11.600409171383546
1407,11.57131974672633
1408,11.601823348408882
1409,11.614100579210694
1410,11.608652789588524
1411,11.552415598713278
1412,11.608623535554608
1413,11.570554023411312
1414,11.561142915457499
1415,11.617841013014392
1416,11.576808998862894
1417,11.624936363071054
1418,11.624658017741496
1419,8.40205984756394
1420,7.314884368010723
1421,8.40152634908169
1422,7.233404015234233
1423,11.594400646179153
1424,11.601397657435122
1425,11.604257615065357
1426,11.581017272866529
1427,11.585582412296452
1428,11.596066132315409
1429,11.58320505136672
1430,11.601613976818536
1431,7.2228324725976805
1432,11.570526644718466
1433,11.586485164457015
1434,11.632746696850822
1435,11.572342462174172
1436,11.573192036132891
1437,11.571487835681399
1438,11.594845866878995
1439,11.622440332011086
1440,11.435715876305684
1441,7.727583661435771
1442,7.240130870277649
1443,11.581420979357233
1444,11.607484865346493
1445,11.58409299474404
1446,11.58745283275126
1447,11.589965212848572
1448,11.600140016408062
1449,8.433128749670002
1450,11.592649389325873
1451,11.58128779889238
1452,7.6705213647115515
1453,11.612402027675039
1454,11.603257885737472
1455,11.342504856586556
1456,11.573014120660936
1457,11.614343847794439
1458,11.605137999944073
1459,11.615407391826793
1460,11.622745529689903
1461,11.57606386493015
1462,11.570561544618357
1463,11.602895461354967
1464,11.597566957457557
1465,11.603202921409668
1466,11.590845802180974
1467,7.259898729636539
1468,11.591405368332184
1469,7.47928879070529
1470,7.632348425065473
1471,11.571653661931348
1472,11.600667587573286
1473,11.59446485809452
1474,11.605090173834963
1475,11.609162936300853
1476,11.584401578618422
1477,11.58244952979054
1478,11.604401932657845
1479,11.583284955068144
1480,11.600225993748287
1481,11.629622263395703
1482,11.57915155304783
1483,11.623766939238582
1484,11.571458966762156
1485,11.629970966944445
1486,11.57058373689388
1487,11.618452291376517
1488,11.59281081938567
1489,11.57368944198483
1490,11.583462096555374
1491,7.4747565337588355
1492,11.623244688012326
1493,11.607249207556714
1494,11.573397175994588
1495,11.571929556690364
1496,11.62863648829544
1497,11.579724387955903
1498,11.60357081444088
1499,11.577247723600507
1500,7.787796039815328
1501,11.5803292992637
1502,11.603503429282314
1503,11.58846943059526
1504,11.577225847187
1505,11.582355076614087
1506,11.580478456679502
1507,11.57303850424044
1508,7.726431651963894
1509,11.572291433631554
1510,11.622661892284574
1511,11.592805435550972
1512,11.614013717009682
1513,11.607230427400669
1514,11.581453498662984
1515,11.586938927558327
1516,11.607411093607288
1517,7.717168299261672
1518,11.637909875380746
1519,11.636984553908745
1520,11.599977387474384
1521,11.585003660285563
1522,11.61086811908267
1523,11.585369657944492
1524,11.58458476143739
1525,11.614723203310621
1526,8.420831242209513
1527,11.601562652015366
1528,11.596554059872688
1529,11.617337251758075
1530,11.575754305988605
1531,11.60612115076105
1532,11.602053432970276
1533,11.593576552507479
1534,11.59777839387376
1535,8.37418506530038
1536,11.610389489715875
1537,11.594113731085107
1538,11.572090997974193
1539,11.620471371187
1540,11.601555269953476
1541,11.570526658111095
1542,11.598883750727943
1543,11.597965714091501
1544,7.6995725242780235
1545,11.576336949981425
1546,11.61108435853087
1547,11.570771978953669
1548,11.64228770427351
1549,11.617215560172465
1550,11.593295527251936
1551,11.621412749071144
1552,11.605078842188073
1553,11.639970734963256
1554,11.582377190892664
1555,11.601299292051687
1556,11.570526696617
1557,11.570526798942689
1558,11.570526853743797
1559,11.594818560110834
1560,11.589208365066682
1561,11.625293711237521
1562,11.584772100560667
1563,11.570603256253086
1564,11.6403288368786
1565,11.633038465492833
1566,11.595177193786263
1567,11.618687403159884
1568,11.600028709817737
1569,11.58012560712156
1570,11.571216632093595
1571,11.58723642331617
1572,11.627115714391197
1573,11.575495592993406
1574,11.569431731947013
1575,11.578128075470815
1576,11.616868754818483
1577,11.608171215610222
1578,11.606682574085841
1579,11.577361941419312
1580,11.621564329056248
1581,11.6030908675098
1582,7.748365358926039
1583,11.570541475382182
1584,8.452760572458018
1585,11.585763107680709
1586,11.631488444592122
1587,7.18668677213843
1588,11.621300490753123
1589,11.602379007605851
1590,11.589784983191736
1591,11.62972734776769
1592,11.570526811911026
1593,11.618482918013573
1594,11.6202865609023
1595,11.615236110674454
1596,11.588404952592382
1597,11.604050522473976
1598,11.631184825018133
1599,11.583040548666864
1600,11.574483228325606
1601,11.60913576654274
1602,11.570609244993454
1603,11.615358852262924
1604,11.619252751608622
1605,11.407744759531028
1606,11.576311438776525
1607,11.57219649867554
1608,11.594417566935013
1609,7.676534515263422
1610,11.602733141490274
1611,7.193673498824175
1612,11.605733756281511
1613,7.243855273279986
1614,11.570532871944982
1615,8.376207821512118
1616,11.580573857434741
1617,11.572054000296372
1618,11.573462767707264
1619,7.707313423851249
1620,11.6170375875998
1621,11.575897665959886
1622,7.71859523711702
1623,11.58526483081067
1624,8.411937898018392
1625,11.598828044644144
1626,11.629000683764213
1627,11.649467158130786
1628,11.636387869015753
1629,11.591248303085402
1630,11.61142344931666
1631,11.570526769115565
1632,11.570583088288503
1633,11.605335174227333
1634,11.57063229739916
1635,11.61246656885602
1636,11.58813477592299
1637,11.587220102373308
1638,11.609728412991965
1639,11.608381569496546
1640,11.568065845538133
1641,11.571550210173031
1642,11.586041075434562
1643,11.636867700192823
1644,11.572770037914832
1645,11.614034854901075
1646,7.733831309799334
1647,11.571143462053072
1648,11.597340671685105
1649,11.607462479177856
1650,11.586121182694447
1651,11.604800795316272
1652,7.269887584101165
1653,11.583751356120478
1654,11.578606880565177
1655,7.562086163854466
1656,11.570640489095897
1657,11.599130160842524
1658,11.59761767247682
1659,11.570627016363112
1660,11.607349059311797
1661,11.59657664207005
1662,11.579575443681543
1663,11.60363669977368
1664,11.584132991859244
1665,11.602397628805402
1666,11.590961156440759
1667,11.579436061384076
1668,11.57218586720437
1669,11.584050520625963
1670,11.573021787255218
1671,8.46454784493598
1672,11.582675954718097
1673,11.617007022305573
1674,11.636419422254535
1675,11.584268419666303
1676,7.241440740343555
1677,11.577697419649532
1678,11.613494016639759
1679,11.579445717727744
1680,11.608441726958636
1681,11.58668000325379
1682,11.40212880241545
1683,11.616619995061136
1684,11.579256903902786
1685,11.578394518359485
1686,11.602291595310279
1687,11.6191573841512
1688,11.571272725796248
1689,7.715884922052762
1690,7.785411874213156
1691,11.609622464450156
1692,11.571955816605332
1693,7.198624560686039
1694,11.624830180790251
1695,7.7215293272318775
1696,11.602052289124686
1697,11.571081305871994
1698,11.584657023190688
1699,11.58648567577114
1700,7.727065034415615
1701,11.580150762098459
1702,11.62193875122439
1703,11.578461177165218
1704,11.59022869073206
1705,11.570663121779821
1706,11.60034215716777
1707,11.60506133524299
1708,11.585866715119197
1709,11.595482286691464
1710,11.578013407825587
1711,11.602317678818574
1712,11.584089637356842
1713,11.570538429960784
1714,11.58639484359323
1715,11.572032961759028
1716,11.594524628913137
1717,11.252950450862146
1718,11.607825154728792
1719,11.57063659411092
1720,11.60730972161121
1721,11.570526723335512
1722,11.585888895229873
1723,11.576759520461476
1724,11.5927265636828
1725,11.59443834077823
1726,11.634352281277822
1727,11.609327647919018
1728,11.621403493431208
1729,11.624702116316941
1730,11.60901422949028
1731,11.606295729056912
1732,11.552909632499185
1733,11.588055947282918
1734,11.61725011510655
1735,11.68379937494415
1736,7.385010326888413
1737,11.594338730192908
1738,11.593057381722378
1739,11.570650392280843
1740,7.75405806608896
1741,11.58091677163289
1742,8.4325235608304
1743,11.483717109797617
1744,7.442703114216577
1745,11.593184434255656
1746,11.575501481198787
1747,11.570526678334778
1748,11.628754936146127
1749,7.724363456803832
1750,11.599460873447459
1751,11.573916841043625
1752,7.637421838693207
1753,11.432413098670741
1754,7.485860105012575
1755,11.572214196536605
1756,11.591207685153583
1757,11.620990243153807
1758,11.59255638348017
1759,11.105758155672731
1760,11.57318306613265
1761,11.591935973485429
1762,8.38603613817145
1763,7.457567643550146
1764,11.571566210473447
1765,11.50266624233615
1766,11.589480498771756
1767,11.57052681013641
1768,11.581064634847323
1769,11.59601903453672
1770,11.584599640964031
1771,11.603992261948198
1772,11.553637359377204
1773,7.765582877871823
1774,11.583637271352243
1775,11.626860468664102
1776,11.60281051474316
1777,11.570526818051611
1778,11.582152117285407
1779,11.595988918905782
1780,11.634874585336489
1781,11.398659621474623
1782,7.254324974115723
1783,11.575305411413257
1784,11.613659460377429
1785,11.585196907452453
1786,7.51888842650769
1787,11.608934665861288
1788,11.611072592482374
1789,11.570836990589925
1790,11.630458784624054
1791,7.451086884801967
1792,11.615350814886979
1793,8.377482920337089
1794,11.61746731895568
1795,11.570532531255147
1796,11.63511240653338
1797,11.591604962394204
1798,11.61575585473834
1799,7.706697243256865
1800,11.571355958137858
1801,8.340564897713127
1802,11.616691175593155
1803,11.596122483647461
1804,11.571668318284148
1805,11.616123888173819
1806,11.610645566414231
1807,11.543820027867145
1808,11.586078971859973
1809,11.60172749042324
1810,7.688569585396241
1811,11.588764996521085
1812,11.593770005630276
1813,11.600706862627261
1814,11.607978433561392
1815,11.616334818749946
1816,11.598150017842762
1817,11.590216420021887
1818,11.60442798725688
1819,11.570959489128896
1820,11.614656943433053
1821,11.618398316285116
1822,11.570620939278864
1823,11.607207224072775
1824,11.602574675057841
1825,11.635050981390828
1826,11.606852815540801
1827,11.601728702562273
1828,11.57053220224896
1829,11.645144410449982
1830,11.617951947726382
1831,11.598760753729435
1832,11.551583496769783
1833,11.570590363540415
1834,7.7332364888679
1835,8.415943395001632
1836,11.59920364105092
1837,11.574075844961522
1838,11.57694251433194
1839,11.579135721450143
1840,11.571492341903959
1841,11.611763356683303
1842,11.572220630381608
1843,11.57206521763564
1844,8.37337159250071
1845,7.677955629355045
1846,11.570531811004615
1847,7.769307879851162
1848,11.617162811264164
1849,11.603401739626149
1850,7.615905648062136
1851,11.594292557455876
1852,11.572486650350493
1853,11.570817045244532
1854,8.399849805117087
1855,11.557394688708385
1856,11.573050498181106
1857,11.570527279861782
1858,11.570561333511531
1859,11.27656521590327
1860,11.574829957542986
1861,11.570615230862348
1862,11.591122825876166
1863,11.580766807516914
1864,11.572434622618035
1865,7.680144429550486
1866,11.598980775981971
1867,11.570526766487818
1868,11.57058356419504
1869,7.7279589703790075
1870,11.625703200609859
1871,11.523142579863855
1872,11.596446007448113
1873,11.58792562120809
1874,11.571517380093411
1875,11.626379716377274
1876,11.575351583366482
1877,11.593407299856498
1878,11.597269974989821
1879,11.634967454880604
1880,11.63077585335517
1881,7.255450727580463
1882,11.570547311800475
1883,11.570526809560263
1884,11.61207415317726
1885,11.608119855044915
1886,11.614120123639639
1887,11.57492166493807
1888,11.575667394145107
1889,11.615083654577083
1890,11.597989393339226
1891,11.593989031608185
1892,7.691767042655234
1893,11.576067840180434
1894,11.57072145666259
1895,7.687417562163037
1896,7.417914988314408
1897,11.57444794317914
1898,6.749643156768623
1899,11.570547967359941
1900,11.600027779364883
1901,11.610823190449077
1902,11.586960311501212
1903,11.63587232950727
1904,11.591033600414471
1905,11.588871083782786
1906,11.584411035068749
1907,11.570526780436985
1908,7.636793396507636
1909,7.674163690602913
1910,11.583886320876925
1911,11.572768875388636
1912,11.60995986693961
1913,11.623546450499942
1914,11.598329910657569
1915,11.607556361251765
1916,11.57275493476959
1917,11.571561177681906
1918,11.583346001395492
1919,11.574328375735114
1920,7.667089356940377
1921,11.590471103383893
1922,11.60237993204986
1923,11.593602722872692
1924,11.611293428883933
1925,11.617171937260874
1926,11.569735483333305
1927,11.57181642821465
1928,8.41973222131127
1929,11.617392124870584
1930,11.608624745678265
1931,11.601218431459182
1932,7.69132969565771
1933,11.632652973525325
1934,11.573837319531753
1935,11.61465509197432
1936,7.514045522511263
1937,7.703139565017016
1938,11.34659303353334
1939,7.511961004980411
1940,11.588350974123989
1941,11.603099041142633
1942,11.570673532459493
1943,11.588532670539244
1944,11.57666042309251
1945,11.575710596503376
1946,11.601153104034577
1947,11.60217636414839
1948,11.596738680692507
1949,11.578730010449943
1950,11.583687348392374
1951,11.570792524120867
1952,7.651346239311225
1953,11.576359191597613
1954,11.580219518485539
1955,11.578804899142696
1956,11.60388274813274
1957,11.570526908526038
1958,11.575967947145134
1959,11.572861020949118
1960,11.591844585005687
1961,11.619040280206665
1962,11.624081918989411
1963,11.612423058167085
1964,11.579482394012974
1965,11.571139103123986
1966,11.570526718971347
1967,11.582717173733837
1968,11.586920423780887
1969,11.615944588504906
1970,11.57992036265388
1971,11.577359788099892
1972,11.595173810694096
1973,11.595364781456656
1974,11.571143612364162
1975,7.658640527375931
1976,11.570569000208247
1977,11.57079416649277
1978,11.587002475004669
1979,11.38719470110456
1980,11.586573094638402
1981,11.590194635454775
1982,11.57055286060356
1983,11.575391954881162
1984,7.457610610133787
1985,11.570526804532758
1986,11.57052679008881
1987,11.586583722656027
1988,11.592342905456395
1989,11.634857127981288
1990,7.673958521077009
1991,11.570526813572092
1992,11.574833622522627
1993,11.58046056887564
1994,11.570526733299436
1995,11.600332562857513
1996,11.584051285738115
1997,11.649622370288363
1998,11.570626891341941
1999,11.594688598371546
