,IC objective incomplete normal
0,-2.6342646865685264e-08
1,-8.492399897698776e-09
2,-2.69714580622096e-08
3,-6.904913201965534e-09
4,-7.858018817249663e-09
5,-1.1866431280011557e-07
6,-7.205578000823285e-09
7,-2.1955769989782196e-08
8,-6.133908330835965e-09
9,-1.0641816719047848e-07
10,-1.249931170736094e-07
11,-1.4176706617151632e-08
12,-3.375043864932442e-09
13,-1.4576859646335047e-09
14,-5.040548933780942e-09
15,-4.229818407156817e-09
16,-1.0836908418195734e-08
17,-2.198977664875028e-08
18,-2.0015646966133984e-08
19,-3.8030133711980446e-09
20,-1.3474870866986119e-09
21,-6.261296759357336e-08
22,-5.325223934249957e-10
23,-2.3164998367986634e-07
24,-6.2109794090443525e-09
25,-5.829230610065693e-08
26,-7.302896340277075e-08
27,-5.5646157182950555e-08
28,-1.894117145627468e-08
29,-1.7050095881202866e-08
30,-1.2943789639219676e-07
31,-4.8133605137671265e-09
32,-1.98649547898094e-08
33,-3.530146149699532e-08
34,-1.8941611385388384e-08
35,-4.2624536934729257e-08
36,-1.3295012985632186e-07
37,-1.3759602624447433e-08
38,-3.244263032125279e-08
39,-1.2704731840126908e-07
40,-2.2003726383019786e-09
41,-2.9568090336514983e-08
42,-3.828604356624949e-08
43,-6.495196924483054e-08
44,-3.010971279624804e-09
45,-6.150707108055033e-08
46,-8.292768378771535e-09
47,-9.060383437297702e-08
48,-3.5091781530246967e-08
49,-1.2158943481460207e-07
50,-1.778675059694577e-09
51,-2.7433751914686845e-08
52,-1.9586565775569537e-08
53,-5.4280965614704085e-08
54,-1.3798444570042789e-08
55,-4.100455850428615e-09
56,-2.3635676666278528e-09
57,-1.1121397428251763e-08
58,-2.9902094921053924e-09
59,-2.8338401125000763e-07
60,-7.244543981262895e-08
61,-1.927692618534148e-08
62,-1.1125499643495814e-08
63,-2.7647415397971425e-08
64,-3.2180503426421346e-08
65,-8.5944046654384e-08
66,-3.700074575930032e-09
67,-5.0823356334341625e-08
68,-5.3029328044623e-09
69,-1.2761277667756788e-08
70,-1.257606808678787e-07
71,-3.844396386398149e-09
72,-1.932345836513314e-09
73,-3.230908210374954e-08
74,-5.034250695921704e-08
75,-1.2000666146786193e-08
76,-2.5935979097468245e-07
77,-1.0405893947402444e-08
78,-3.35719206675458e-08
79,-8.275541026795196e-09
80,-3.620586151151968e-07
81,-2.1530914745117508e-07
82,-1.1027160574898068e-08
83,-1.4231056440006696e-08
84,-5.29271175259538e-09
85,-1.893548206270167e-08
86,-1.4591191221215202e-09
87,-1.3440493535290645e-08
88,-7.311562990946899e-09
89,-1.4774915363633555e-07
90,-1.953201617043261e-09
91,-6.403728386592342e-09
92,-5.941642244984943e-09
93,-3.2817108819062076e-08
94,-2.773754683479001e-08
95,-1.2111227516210745e-08
96,-2.9376686558832675e-08
97,-1.1049529932871711e-08
98,-3.0861690569882394e-09
99,-2.9826034385615052e-09
100,-1.146126922483508e-08
101,-2.014286986762947e-07
102,-1.4479869231863865e-08
103,-5.444533767051417e-09
104,-2.010428256756625e-09
105,-2.6121489744152186e-08
106,-2.874992931055456e-09
107,-6.5130403183586076e-09
108,-2.0397965884217625e-08
109,-1.0803051773417025e-08
110,-1.9737902253716123e-08
111,-3.2985801301178666e-08
112,-9.119787987681398e-08
113,-7.831899136883192e-08
114,-2.29770258565668e-08
115,-2.994006095252531e-09
116,-7.427848108919771e-09
117,-3.066028256751817e-08
118,-6.141592685764557e-09
119,-2.4633487653626886e-08
120,-3.811462006117188e-08
121,-8.48581249824497e-09
122,-1.2556525163508504e-08
123,-1.867399117835767e-08
124,-8.742704093343826e-09
125,-3.760797994128268e-09
126,-2.991117948129375e-09
127,-9.407855283908181e-09
128,-5.054790069595662e-09
129,-8.53179915232376e-09
130,-1.1956007667917823e-07
131,-4.548585116554752e-09
132,-3.19813981164129e-09
133,-1.3095577277341625e-08
134,-1.70701724638008e-08
135,-2.3152756221089784e-07
136,-7.368684081044668e-09
137,-7.951720403155869e-09
138,-1.2052851967316163e-07
139,-3.454175571408192e-09
140,-8.589201313897119e-09
141,-7.75550643085826e-09
142,-4.415386756442171e-07
143,-1.4767073151297517e-08
144,-1.2137745108598732e-08
145,-5.131037697612421e-08
146,-2.0008261697806012e-07
147,-8.589217305262062e-08
148,-1.1063924123892837e-08
149,-5.462593519293043e-08
150,-8.714011845645097e-08
151,-4.146764592898891e-09
152,-4.697893656804283e-09
153,-6.980166362801087e-09
154,-5.016903150000603e-09
155,-2.0877918484562986e-08
156,-3.4950775914670015e-08
157,-3.880059808022611e-09
158,-1.5207916001490505e-07
159,-4.9710415875319305e-08
160,-4.190465292151352e-08
161,-2.559521357471305e-07
162,-1.1313653188161346e-08
163,-6.45501474998527e-08
164,-3.0865795296359276e-08
165,-1.9935331992726786e-08
166,-4.1074362474329336e-09
167,-6.266828384041597e-09
168,-1.0829488953923144e-08
169,-4.4578977109340685e-09
170,-7.452204535432828e-09
171,-1.9371137706314354e-08
172,-7.114201352685445e-09
173,-2.1321771383700827e-08
174,-6.29188761056647e-09
175,-4.184906524070833e-09
176,-5.869008176663457e-09
177,-1.565712508756711e-08
178,-1.7173969792004352e-08
179,-6.300357905644767e-09
180,-1.106055398935441e-08
181,-3.6060955123337774e-09
182,-1.070096794937325e-08
183,-5.5734666792988766e-08
184,-2.2435896668867944e-08
185,-2.1515861570944807e-07
186,-1.6524143963668162e-08
187,-5.376391895386762e-08
188,-1.7208223812565627e-08
189,-9.415270888157674e-09
190,-1.3452064616509956e-07
191,-1.3002604511746916e-07
192,-1.7249451593277663e-07
193,-3.2688497952863256e-09
194,-4.107847776351966e-09
195,-1.8873165294792726e-07
196,-4.3584722888426673e-08
197,-3.014588385101984e-09
198,-1.2024188330213402e-08
199,-8.582902376278305e-08
200,-1.4558380192061445e-09
201,-7.254023920047835e-08
202,-1.33219228556404e-07
203,-8.856623400017169e-08
204,-5.032593220212648e-09
205,-2.1928547755423848e-08
206,-6.702841356068725e-08
207,-1.1439334618278456e-07
208,-8.498396381213392e-08
209,-4.247762236716737e-08
210,-1.2003845515312907e-07
211,-6.348716110428314e-08
212,-1.0612568377223241e-08
213,-2.1447521827375742e-08
214,-1.2383643733188788e-08
215,-1.7110735384351668e-09
216,-1.1103043238715433e-08
217,-1.3523312389504215e-08
218,-1.0884345912483028e-08
219,-1.078335641228912e-08
220,-2.822560326254012e-09
221,-3.734643939401333e-08
222,-1.4629890887183638e-08
223,-9.211185702874443e-09
224,-2.5430121024868512e-08
225,-9.05742817055566e-09
226,-2.969848266190998e-08
227,-1.5277869057750883e-08
228,-2.7420623311239772e-08
229,-8.487706411354897e-09
230,-1.3521813765228184e-07
231,-3.197229434996032e-09
232,-1.7063805571887993e-08
233,-3.602156402439281e-08
234,-4.906495972038123e-09
235,-1.6598985628049643e-09
236,-2.200730737290886e-07
237,-1.923541647493729e-09
238,-2.5943743516036675e-07
239,-5.407323920767742e-07
240,-1.1937176023702864e-07
241,-3.3042885646278354e-09
242,-2.1622860588994064e-08
243,-6.209486226542336e-08
244,-3.002204331847178e-09
245,-1.098550881159998e-08
246,-3.018829894416854e-09
247,-1.5358145376782486e-07
248,-4.416591673248416e-09
249,-3.644532583690446e-07
250,-5.1378639920858625e-09
251,-4.350258380541121e-09
252,-1.0826123383093614e-07
253,-1.577144058159517e-08
254,-6.1505608005840314e-09
255,-4.796020143267178e-08
256,-5.620449784414428e-09
257,-1.0959737385231758e-08
258,-4.698939833884394e-09
259,-4.09966676429518e-09
260,-6.865572525764886e-09
261,-1.5078585532128943e-08
262,-1.1911017124950041e-07
263,-2.6683611704228716e-08
264,-2.2119279047507e-07
265,-3.881385147503576e-08
266,-1.291929277507359e-08
267,-2.044811299818947e-09
268,-2.3187843387727934e-08
269,-4.0779842426984334e-08
270,-3.449147708582226e-09
271,-6.160094159011208e-09
272,-1.4052620785458004e-07
273,-2.2232899834593855e-09
274,-2.239819600580544e-09
275,-3.5648498076465768e-09
276,-3.777313443947296e-08
277,-2.2884434119955404e-08
278,-9.635430879120952e-09
279,-2.0037377392515105e-08
280,-3.537195071980525e-08
281,-1.2259143011791259e-07
282,-5.109710800066352e-08
283,-3.0716188607750075e-09
284,-7.880547730665742e-09
285,-1.416442234809255e-08
286,-1.0359704664280098e-08
287,-1.69892848051648e-07
288,-4.08057437334231e-09
289,-2.176455849507723e-08
290,-3.049230573212037e-09
291,-1.2138363242562253e-07
292,-4.81942137733086e-07
293,-3.287529009870548e-08
294,-5.191616257157457e-08
295,-1.345883669046997e-07
296,-3.3886097883327804e-08
297,-5.317694985735124e-09
298,-8.635012364879067e-09
299,-2.056812393786762e-08
300,-1.0465759416074396e-08
301,-1.667325679219938e-08
302,-1.6028350714816863e-08
303,-6.05651127241907e-08
304,-3.021975532320535e-09
305,-1.683837137952355e-08
306,-2.2748415312332196e-08
307,-5.056808889428746e-09
308,-5.0416562125830104e-09
309,-7.280398024481264e-08
310,-1.829524533661401e-09
311,-1.5236008092766202e-08
312,-1.4355225124486145e-07
313,-8.056208962924963e-09
314,-1.0058501579125254e-08
315,-1.8114181132815448e-07
316,-3.030029312965766e-09
317,-3.0066078367321776e-09
318,-2.9153379111032144e-07
319,-5.102035497939634e-09
320,-1.1124766792250627e-08
321,-2.5918976308397084e-09
322,-2.088795203832201e-08
323,-1.8236535572282297e-07
324,-1.8533622522956548e-08
325,-6.821196313491133e-08
326,-4.0414281025970415e-09
327,-1.1036214549280995e-08
328,-8.486490621553575e-09
329,-1.9066421132413126e-07
330,-2.7810522115228774e-08
331,-6.061907736894113e-09
332,-1.8936902856846586e-08
333,-1.2042303935281236e-07
334,-6.848132786117453e-08
335,-1.0771437566133796e-08
336,-1.0259544671238163e-08
337,-1.8131522441876018e-09
338,-9.05759719099321e-09
339,-6.891753922339461e-09
340,-9.269577213976333e-08
341,-1.0988746658683751e-08
342,-2.2547870506048475e-08
343,-1.0447486863590936e-07
344,-6.922324720708539e-08
345,-3.7563008562568426e-08
346,-1.1510555132660754e-07
347,-3.329630690664659e-08
348,-3.7617283770407144e-08
349,-2.1922482543798088e-08
350,-1.0040976053736904e-08
351,-1.357665097863062e-08
352,-1.1768714381862149e-08
353,-1.3315159995696426e-08
354,-1.1129010804516123e-08
355,-5.784654454089035e-08
356,-5.117626073982122e-08
357,-1.7760509872469542e-07
358,-3.049649418164858e-09
359,-5.870003073735911e-08
360,-5.4558019021730293e-08
361,-2.7290916892641134e-08
362,-1.5327641067820047e-08
363,-7.560155015418689e-09
364,-2.2491022436581976e-08
365,-2.989674876378919e-09
366,-1.1022746580790316e-08
367,-1.0984093608932329e-08
368,-4.869027640460717e-09
369,-1.8366214547745213e-08
370,-1.0213986832810687e-08
371,-1.2291882773745205e-07
372,-5.2363399987836176e-08
373,-5.6123418544898446e-08
374,-6.589454532628248e-09
375,-1.3635604840085598e-08
376,-1.064955925316163e-08
377,-6.135484166046188e-09
378,-1.3639158749999223e-08
379,-2.6402619441166026e-09
380,-9.512081985607434e-09
381,-1.0868296476940671e-08
382,-3.734067412983169e-08
383,-1.3296194755004323e-07
384,-2.0676011845398415e-09
385,-1.3975142826938659e-08
386,-1.233740107059193e-07
387,-1.1932827234752883e-07
388,-7.784025493815422e-09
389,-1.5935893346714852e-08
390,-2.1480149546833167e-08
391,-6.9326136308933695e-09
392,-2.939613658629169e-08
393,-1.360568833099955e-08
394,-2.2409310577269736e-09
395,-4.190536215141561e-08
396,-4.901667951342496e-09
397,-1.6100539598920816e-08
398,-4.129875538785217e-08
399,-1.164672003050738e-08
400,-1.226649514933139e-07
401,-1.7107661432422947e-08
402,-1.4860908956874587e-07
403,-5.090506171772808e-09
404,-8.472339104683401e-09
405,-5.372687592812057e-09
406,-1.6718733013383776e-08
407,-5.906242079036671e-09
408,-1.274746973869686e-07
409,-6.192236955091007e-09
410,-5.2039737068799214e-09
411,-2.8477796975904973e-08
412,-2.4580999408330645e-09
413,-2.710562287908333e-08
414,-1.1031775431631671e-08
415,-4.165837190571293e-09
416,-4.223627157622476e-08
417,-8.347267106194748e-09
418,-4.868941211622884e-08
419,-1.4567176050447454e-09
420,-2.9948071012648256e-09
421,-5.401938134933076e-08
422,-1.7099290346145757e-08
423,-7.753461513267815e-09
424,-1.4906355340571065e-08
425,-1.1388350586995904e-08
426,-1.3953021757275411e-09
427,-5.694456839611559e-09
428,-8.900440677875385e-09
429,-1.2987887855367003e-08
430,-1.6688524187209266e-07
431,-9.50654216994072e-09
432,-5.98714726590273e-08
433,-3.6640562012343163e-09
434,-1.2691596700884457e-07
435,-1.3340783999883324e-07
436,-3.771081999739121e-08
437,-2.421647808365821e-09
438,-6.772238902353003e-08
439,-1.2453484207893465e-08
440,-3.762771608447133e-08
441,-3.0855886815393874e-07
442,-2.8303531086082736e-07
443,-1.4295558391842232e-08
444,-4.4710745282054954e-09
445,-5.661419391608996e-09
446,-2.2550736498897672e-07
447,-1.0860604187081856e-08
448,-2.4117312020777936e-09
449,-1.6019686598805065e-08
450,-1.2202290566157472e-07
451,-6.438270217230947e-08
452,-1.0985626689550548e-08
453,-3.5918144658476183e-09
454,-7.193122808015467e-08
455,-4.249916219511023e-08
456,-6.121809634624428e-08
457,-6.062175143459149e-09
458,-1.418277887421592e-08
459,-6.094457996573737e-09
460,-1.3378062796845362e-08
461,-8.472162451926935e-09
462,-5.044443758549477e-09
463,-1.4086480080719691e-08
464,-2.9495257725648368e-08
465,-7.139240062442192e-08
466,-1.1560371983521433e-07
467,-9.221487955819907e-09
468,-6.714995994843512e-09
469,-4.87792509393752e-09
470,-4.63107642718907e-08
471,-1.0904889908181123e-08
472,-2.3667442701576997e-09
473,-4.885000394352872e-09
474,-9.019309329303504e-09
475,-2.1265425767726035e-08
476,-1.296063854687385e-08
477,-2.723761844794958e-08
478,-4.148763182322212e-09
479,-3.281194837917017e-08
480,-2.5753815712734425e-09
481,-5.849634990355017e-09
482,-2.0546245484562993e-09
483,-5.2272616921659254e-08
484,-1.0214668462140128e-08
485,-1.290372132738876e-07
486,-9.368656925399357e-08
487,-3.1520506525654356e-08
488,-1.2153099123049447e-07
489,-2.2185066739351923e-08
490,-1.7654888636947106e-08
491,-3.0502381836331553e-09
492,-1.6066195042431376e-07
493,-1.8392204636200382e-09
494,-8.957845619306485e-09
495,-1.894283932895332e-08
496,-3.3540111911991276e-08
497,-7.272912188342162e-08
498,-4.114084316180798e-09
499,-1.0608801859564613e-08
500,-6.603721209425356e-08
501,-1.0713728775266092e-08
502,-3.715006184412262e-08
503,-1.0830776678790351e-07
504,-5.0500142030424134e-09
505,-1.837512345426304e-09
506,-1.3218837699328217e-08
507,-6.631127433952015e-09
508,-1.2504048778467625e-08
509,-3.9675802819563307e-07
510,-1.0885937534034032e-07
511,-1.2148360606870843e-08
512,-5.690883819777065e-08
513,-2.1308738685305752e-08
514,-3.060511128630365e-08
515,-4.564490865847089e-08
516,-1.7418749486816445e-08
517,-1.53815240111835e-08
518,-1.196084690671721e-07
519,-1.842237548717393e-08
520,-1.6336746665385801e-09
521,-1.0913304668299929e-08
522,-3.8004664631823264e-08
523,-1.709564870009239e-07
524,-3.051664627432188e-09
525,-7.0507537609949854e-09
526,-3.8044461868921395e-08
527,-2.1772939167983428e-08
528,-1.2251801476191084e-09
529,-1.2419333323988804e-07
530,-7.418060390766925e-09
531,-1.856745649922224e-08
532,-1.1434758509607685e-07
533,-3.049957054489936e-09
534,-5.902654784403814e-09
535,-2.8198528361668707e-08
536,-4.279402395545452e-09
537,-1.9793333826441478e-08
538,-9.750250418417113e-08
539,-3.062731897884296e-08
540,-5.095581953075965e-08
541,-2.3396334512298358e-08
542,-1.8364396151691596e-09
543,-1.3445638735009632e-07
544,-6.301128129374556e-09
545,-3.0100120964773148e-09
546,-5.079375776324621e-09
547,-1.4859570425596337e-08
548,-7.11500340230327e-09
549,-7.157902910487577e-09
550,-1.5499662393802136e-07
551,-6.837888383803844e-08
552,-1.499460949028547e-09
553,-3.763310154538375e-08
554,-1.2866480598519546e-07
555,-1.0951921258831296e-08
556,-4.153269017261726e-09
557,-3.5361641008642354e-09
558,-1.4566021263320122e-09
559,-1.8287876905940044e-08
560,-1.3548183110238968e-07
561,-1.349552016529491e-07
562,-6.426149216226358e-08
563,-6.649285096749831e-09
564,-1.2570604182132266e-07
565,-2.966493800845328e-07
566,-2.848847998566186e-07
567,-4.2114746345978616e-08
568,-1.591424863480467e-08
569,-1.0945169490205143e-08
570,-1.060224739224069e-08
571,-2.2813195554566397e-08
572,-7.199527951991824e-08
573,-3.041949559255458e-09
574,-2.877113123311928e-07
575,-2.287906648726179e-09
576,-2.6462041803253663e-07
577,-5.9183447051655125e-09
578,-3.744008664159838e-09
579,-2.2744309857286874e-08
580,-4.971041848406123e-08
581,-5.066135082861273e-09
582,-2.822607531973197e-09
583,-1.0869969659173911e-08
584,-1.1686338917980432e-07
585,-7.49497485508375e-08
586,-2.5758886530842675e-07
587,-2.874656303361686e-09
588,-6.769905198760593e-08
589,-5.0832584127837476e-09
590,-4.769743912690665e-09
591,-1.6780048438361345e-09
592,-1.642237081084717e-07
593,-1.29284031136146e-07
594,-1.9222657135699204e-09
595,-3.143367885080471e-08
596,-2.2447315993342997e-08
597,-5.98099093233682e-08
598,-4.069520789010967e-07
599,-8.858967471568364e-08
600,-1.3434367070719183e-07
601,-1.331524713327971e-07
602,-1.8649000379080484e-08
603,-2.829571727586269e-08
604,-6.7176013547684295e-09
605,-4.897481461844462e-09
606,-8.229882826047137e-10
607,-1.2206013702659273e-08
608,-1.255771162691232e-07
609,-1.4555466486502718e-09
610,-1.2720639033831736e-08
611,-4.7255108484977095e-08
612,-1.370318394696103e-07
613,-4.22037145590806e-09
614,-1.1056035920977403e-08
615,-1.4305401240146034e-07
616,-3.039370546588538e-08
617,-1.7172788555678157e-08
618,-7.29130174801517e-08
619,-2.5739931642448476e-07
620,-1.2192442274099201e-08
621,-2.2905325036757075e-07
622,-2.2940173703908994e-07
623,-2.8127423081443555e-08
624,-6.864372462467509e-09
625,-3.187237082596626e-09
626,-6.072640295367988e-09
627,-1.6244891940238636e-07
628,-6.376005690779715e-09
629,-3.0009230336939786e-09
630,-2.8395801335420666e-09
631,-2.2686953681499583e-08
632,-1.1126072902725898e-08
633,-6.227139726922381e-09
634,-1.1631518151133766e-07
635,-6.584252269214359e-08
636,-2.8842103693720296e-08
637,-3.992221004743752e-08
638,-2.134829491797881e-08
639,-1.0368227000084551e-07
640,-4.560237642686395e-09
641,-1.3716558899877202e-09
642,-1.823146389708924e-07
643,-3.091908040784749e-08
644,-8.676403741013093e-08
645,-1.5642991394159029e-07
646,-5.321708038388322e-08
647,-6.9925981974400334e-09
648,-2.975790727532719e-08
649,-8.063899285463116e-09
650,-5.83837633625987e-09
651,-2.7361178495919257e-09
652,-1.1046603803450391e-07
653,-1.224407101535859e-08
654,-6.847662196721897e-08
655,-2.34848275147673e-08
656,-1.2369785634565552e-07
657,-1.6271765909619694e-07
658,-1.6362530770611421e-09
659,-7.025951429406747e-09
660,-7.461887449750857e-08
661,-1.5201527153466777e-08
662,-2.259868293663505e-08
663,-2.098932242060078e-07
664,-1.715628873281056e-08
665,-7.396013118372761e-08
666,-2.176688993157012e-08
667,-4.283996271726979e-09
668,-1.2602645736949775e-07
669,-3.2835276796290536e-08
670,-5.8581371897624315e-08
671,-6.994290896694587e-08
672,-2.41984587134205e-07
673,-3.3098092914997133e-09
674,-3.9414264824296144e-08
675,-9.470703203226723e-09
676,-1.7232774957101858e-08
677,-6.862363498551915e-09
678,-2.2396834287738294e-07
679,-1.3378188732403445e-07
680,-3.085008603247938e-08
681,-1.8884514287030697e-08
682,-1.3447281246411685e-07
683,-4.122963553329225e-09
684,-1.3602180782683498e-07
685,-2.4729940565709935e-09
686,-8.995600288383687e-08
687,-2.661364564620845e-09
688,-3.937874753151777e-08
689,-2.80860125077703e-08
690,-1.1126036560422744e-08
691,-1.572929544831102e-07
692,-1.195239271809968e-07
693,-1.3693132895485412e-07
694,-4.717472857057667e-08
695,-1.266469060758737e-08
696,-1.282942603646813e-08
697,-1.6597559376023116e-07
698,-1.1128671682373565e-08
699,-4.359174844303657e-08
700,-1.07309626469781e-08
701,-1.3546174558939842e-08
702,-9.026986493268238e-09
703,-4.0609710336111365e-09
704,-3.860710828053595e-09
705,-4.882422214532514e-09
706,-5.0262861196208755e-09
707,-1.1794724507448836e-07
708,-1.2984416062070488e-07
709,-1.2422510889419823e-09
710,-5.047490675895444e-09
711,-1.3562345561579251e-08
712,-1.0822955714068722e-08
713,-1.5433155811838318e-08
714,-1.1003042627110351e-08
715,-5.359157399243849e-09
716,-1.846426121679358e-08
717,-1.1033080133356739e-08
718,-3.039489291257181e-09
719,-1.5699225251739985e-08
720,-4.3578653639502524e-08
721,-3.2937823686270417e-09
722,-1.1350448156871505e-07
723,-1.665800038710525e-07
724,-4.5524085099287986e-08
725,-2.416918840281013e-09
726,-5.0326459185320936e-08
727,-3.032259763648212e-09
728,-1.1450607817703478e-08
729,-4.804586791511754e-08
730,-1.4644111073068413e-09
731,-1.291837836616481e-07
732,-1.0039709324994386e-08
733,-4.077196442260577e-09
734,-1.3880918898579393e-08
735,-1.2358337662432712e-07
736,-4.996812465491621e-09
737,-3.282024788633703e-08
738,-7.329379322365112e-08
739,-1.5390997509254035e-09
740,-4.1339506940918165e-08
741,-1.1969286491677793e-07
742,-8.692405166362723e-09
743,-1.075079576186008e-08
744,-1.5443650343009413e-08
745,-4.099233381025767e-09
746,-1.3013526522272018e-08
747,-8.796681729189598e-09
748,-5.0653339811855e-09
749,-7.161461029574175e-09
750,-2.7369917488792088e-08
751,-3.286727568113208e-08
752,-3.531903412069341e-08
753,-1.3227354134969082e-07
754,-3.238958478863735e-08
755,-1.9298398238098418e-09
756,-6.694597071144103e-08
757,-2.762256701497181e-08
758,-4.102105773144465e-09
759,-3.68551250744874e-08
760,-2.4622392555389005e-08
761,-5.806195151182154e-08
762,-5.740168490347174e-08
763,-2.0353604800343625e-08
764,-1.4073237243428154e-08
765,-1.5904600114071824e-08
766,-9.679340569677328e-08
767,-1.3223044932201077e-08
768,-4.449517676315275e-09
769,-3.508361169167547e-08
770,-1.9667344541443362e-09
771,-3.4689685496874413e-09
772,-3.858855939217629e-07
773,-1.0882157743393093e-08
774,-4.9089330849102144e-09
775,-2.8703136423925087e-08
776,-7.189248519748887e-08
777,-2.6356291945047386e-08
778,-4.218631039150899e-09
779,-4.415300466420274e-08
780,-2.1831734602578571e-07
781,-1.4801183161259012e-07
782,-5.036361820304517e-09
783,-1.556668208669762e-09
784,-5.199989791322748e-08
785,-8.84728099490059e-09
786,-1.0854571410157965e-07
787,-6.227879771711225e-09
788,-7.598651446455178e-09
789,-3.350135246320581e-08
790,-2.1351383786108663e-09
791,-3.259025691196003e-09
792,-3.5459505869989485e-08
793,-2.556305574931941e-08
794,-1.3979284494873773e-07
795,-4.6700893487394555e-08
796,-8.070289073335194e-09
797,-8.09131414697415e-09
798,-1.1129443069938009e-08
799,-6.861431489864879e-08
800,-1.3172807153298077e-08
801,-2.4494531608567048e-08
802,-2.093359557910254e-08
803,-4.286831313949645e-09
804,-4.030405043263016e-09
805,-1.9293472113656946e-09
806,-2.722531648854253e-08
807,-5.001981764378552e-09
808,-4.269256344528153e-08
809,-5.502655644689689e-08
810,-1.400021915944624e-08
811,-2.1586486057279827e-08
812,-2.294901119649896e-08
813,-2.9838881143307374e-09
814,-2.691715864624445e-09
815,-2.4270535722141228e-08
816,-7.218394298893848e-08
817,-4.957317432454531e-08
818,-1.0615542442286191e-08
819,-1.5586374434470866e-07
820,-2.409420534540382e-08
821,-1.4396064608700424e-08
822,-1.2905517978894116e-08
823,-6.632427370670832e-08
824,-1.3653629522934456e-07
825,-6.123580822114782e-09
826,-6.741887242053274e-09
827,-5.3271538285129674e-08
828,-3.1487513659358005e-08
829,-6.721228975063174e-08
830,-4.510197472295659e-08
831,-1.2740463881572554e-08
832,-5.3795444970218413e-08
833,-1.4396261062380196e-07
834,-2.965351985112008e-08
835,-1.238648289610454e-08
836,-1.2740172918941904e-08
837,-6.090023542782978e-08
838,-5.553601672211975e-09
839,-1.4407875074699896e-07
840,-6.3004659130447175e-09
841,-5.4445776416593835e-09
842,-1.3268936957640204e-08
843,-3.130950797470138e-08
844,-5.0090010513805346e-09
845,-1.1532387338680767e-08
846,-8.586502291671264e-08
847,-1.261862008484795e-08
848,-1.7013856358089783e-07
849,-6.518703347420421e-08
850,-1.3292134311772384e-07
851,-1.8033336230827636e-07
852,-1.2039384579206107e-08
853,-1.955990190889291e-09
854,-1.504501570016476e-08
855,-1.1085833064093443e-08
856,-1.2355754033502668e-07
857,-1.9138962713312152e-08
858,-1.1128200247427758e-08
859,-4.930528399649868e-09
860,-1.875168505683919e-08
861,-5.039555153514989e-09
862,-3.577787622126426e-08
863,-3.600218771564078e-08
864,-3.5261988389194134e-08
865,-2.452395760629079e-09
866,-3.1152555987263184e-08
867,-1.5840348285932093e-07
868,-4.09873954722448e-09
869,-2.1730700807894445e-08
870,-1.2308482065943697e-08
871,-4.100550775135162e-09
872,-7.533718186411194e-09
873,-6.490794012246648e-08
874,-1.390330413033723e-08
875,-1.0910005471169032e-08
876,-1.4862483132037922e-08
877,-2.6141758070495143e-08
878,-6.047500100154702e-09
879,-5.633028839829549e-09
880,-1.8098194441234242e-07
881,-6.081895480374563e-09
882,-2.1724482377373862e-08
883,-3.0466788077773403e-07
884,-9.074729825692947e-08
885,-1.725200021334308e-07
886,-4.652041696351413e-09
887,-3.0580613407783174e-08
888,-5.425798934483495e-08
889,-1.325503252767953e-07
890,-1.290435895187887e-08
891,-4.0322033385108745e-09
892,-1.8927521753642144e-08
893,-1.3640423858515722e-07
894,-3.679778547054109e-08
895,-1.092604774433817e-08
896,-5.4768071363672534e-09
897,-7.325626277236337e-08
898,-2.7425045091764334e-08
899,-1.332573159173837e-07
900,-7.932148991942644e-08
901,-1.8864437820772034e-08
902,-2.4019621516081992e-08
903,-7.401682176632247e-09
904,-1.8866402557233787e-08
905,-2.784495236973491e-08
906,-1.485374647930829e-07
907,-5.028198803290613e-09
908,-2.479482715578255e-08
909,-1.6590877511641444e-09
910,-1.6461519102592595e-08
911,-5.892269108164688e-08
912,-6.505279239812878e-09
913,-1.1516251918662336e-08
914,-6.7707289294052115e-09
915,-6.674209360258245e-09
916,-8.374566622496601e-09
917,-1.1604383363835097e-07
918,-1.1588000654702625e-08
919,-6.134353315743854e-09
920,-2.543489232844332e-08
921,-1.0792088250049178e-08
922,-3.397112068849563e-08
923,-1.2435933382622004e-08
924,-3.5958469455810846e-08
925,-4.0573394827702805e-09
926,-1.0456931759513579e-08
927,-3.271057538857314e-08
928,-7.002809246463595e-09
929,-3.281782815503263e-08
930,-3.4044279510561527e-08
931,-1.315084602533187e-08
932,-3.55824591467905e-07
933,-3.212219049237788e-08
934,-7.151604422171435e-09
935,-4.302908088024736e-08
936,-6.884377863031224e-09
937,-1.4532476339852258e-09
938,-2.0500831574857334e-08
939,-1.6878949468315433e-08
940,-1.216091661549036e-08
941,-3.0493121413053515e-09
942,-1.1124533111307442e-08
943,-4.270553004067188e-09
944,-1.8705600513408683e-08
945,-1.767764337523219e-07
946,-1.562203369990277e-08
947,-7.793537023849804e-09
948,-1.2123395902837755e-08
949,-8.71394988152846e-09
950,-1.1904848024917335e-08
951,-2.932444668084498e-08
952,-7.072809994295118e-09
953,-5.108061960152714e-08
954,-1.1074393930933835e-08
955,-6.669143422363217e-08
956,-1.1125936211006627e-08
957,-1.3037309241749328e-08
958,-1.3451635810390345e-07
959,-7.316998868620294e-09
960,-4.278313219330539e-09
961,-1.1123044417040198e-08
962,-8.172133038772465e-09
963,-3.7762201555026285e-08
964,-6.337693619835875e-08
965,-1.1129183078197298e-08
966,-5.040265561806933e-09
967,-1.50208400895326e-08
968,-5.180214611001004e-09
969,-7.315357113841255e-09
970,-5.1123455675566496e-08
971,-1.7286506125432476e-07
972,-1.0025938433548793e-07
973,-1.8477303710990476e-07
974,-3.1319067049050906e-08
975,-9.101727736177169e-08
976,-4.49705864979457e-07
977,-1.766261289944938e-08
978,-1.4256287745863234e-09
979,-2.532620675838825e-08
980,-1.5811168269695035e-08
981,-3.548525945334953e-08
982,-5.311618860902848e-09
983,-4.763314999606531e-08
984,-3.050992729422157e-09
985,-5.505984717331368e-08
986,-3.6799170040232602e-09
987,-1.1661795140944289e-08
988,-2.1492237164737374e-08
989,-1.0887579888016759e-07
990,-4.044187279684925e-09
991,-7.271949323411172e-09
992,-7.384885832061093e-09
993,-3.306028996232888e-09
994,-1.5695128048179426e-08
995,-1.5969423313077944e-08
996,-5.430150832973858e-09
997,-2.9931398837832786e-08
998,-4.5093862006200965e-08
999,-2.3823132460083527e-07
