,IC objective only_IC_PBP
0,-1289.4658505829898
1,-1289.4658505829898
2,-1289.4658505829898
3,-1289.4658505829898
4,-1289.4658505829898
5,-1289.4658505829898
6,-1289.4658505829898
7,-1289.4658505829898
8,-1289.4658505829898
9,-1289.4658505829898
10,-1289.4658505829898
11,-1289.4658505829898
12,-1289.4658505829898
13,-1289.4658505829898
14,-1289.4658505829898
15,-1289.4658505829898
16,-1289.4658505829898
17,-1289.4658505829898
18,-1289.4658505829898
19,-1289.4658505829898
20,-1289.4658505829898
21,-1289.4658505829898
22,-1289.4658505829898
23,-1289.4658505829898
24,-1289.4658505829898
25,-1289.4658505829898
26,-1289.4658505829898
27,-1289.4658505829898
28,-1289.4658505829898
29,-1289.4658505829898
30,-1289.4658505829898
31,-1289.4658505829898
32,-1289.4658505829898
33,-1289.4658505829898
34,-1289.4658505829898
35,-1289.4658505829898
36,-1289.4658505829898
37,-1289.4658505829898
38,-1289.4658505829898
39,-1289.4658505829898
40,-1289.4658505829898
41,-1289.4658505829898
42,-1289.4658505829898
43,-1289.4658505829898
44,-1289.4658505829898
45,-1289.4658505829898
46,-1289.4658505829898
47,-1289.4658505829898
48,-1289.4658505829898
49,-1289.4658505829898
50,-1289.4658505829898
51,-1289.4658505829898
52,-1289.4658505829898
53,-1289.4658505829898
54,-1289.4658505829898
55,-1289.4658505829898
56,-1289.4658505829898
57,-1289.4658505829898
58,-1289.4658505829898
59,-1289.4658505829898
60,-1289.4658505829898
61,-1289.4658505829898
62,-1289.4658505829898
63,-1289.4658505829898
64,-1289.4658505829898
65,-1289.4658505829898
66,-1289.4658505829898
67,-1289.4658505829898
68,-1289.4658505829898
69,-1289.4658505829898
70,-1289.4658505829898
71,-1289.4658505829898
72,-1289.4658505829898
73,-1289.4658505829898
74,-1289.4658505829898
75,-1289.4658505829898
76,-1289.4658505829898
77,-1289.4658505829898
78,-1289.4658505829898
79,-1289.4658505829898
80,-1289.4658505829898
81,-1289.4658505829898
82,-1289.4658505829898
83,-1289.4658505829898
84,-1289.4658505829898
85,-1289.4658505829898
86,-1289.4658505829898
87,-1289.4658505829898
88,-1289.4658505829898
89,-1289.4658505829898
90,-1289.4658505829898
91,-1289.4658505829898
92,-1289.4658505829898
93,-1289.4658505829898
94,-1289.4658505829898
95,-1289.4658505829898
96,-1289.4658505829898
97,-1289.4658505829898
98,-1289.4658505829898
99,-1289.4658505829898
100,-1289.4658505829898
101,-1289.4658505829898
102,-1289.4658505829898
103,-1289.4658505829898
104,-1289.4658505829898
105,-1289.4658505829898
106,-1289.4658505829898
107,-1289.4658505829898
108,-1289.4658505829898
109,-1289.4658505829898
110,-1289.4658505829898
111,-1289.4658505829898
112,-1289.4658505829898
113,-1289.4658505829898
114,-1289.4658505829898
115,-1289.4658505829898
116,-1289.4658505829898
117,-1289.4658505829898
118,-1289.4658505829898
119,-1289.4658505829898
120,-1289.4658505829898
121,-1289.4658505829898
122,-1289.4658505829898
123,-1289.4658505829898
124,-1289.4658505829898
125,-1289.4658505829898
126,-1289.4658505829898
127,-1289.4658505829898
128,-1289.4658505829898
129,-1289.4658505829898
130,-1289.4658505829898
131,-1289.4658505829898
132,-1289.4658505829898
133,-1289.4658505829898
134,-1289.4658505829898
135,-1289.4658505829898
136,-1289.4658505829898
137,-1289.4658505829898
138,-1289.4658505829898
139,-1289.4658505829898
140,-1289.4658505829898
141,-1289.4658505829898
142,-1289.4658505829898
143,-1289.4658505829898
144,-1289.4658505829898
145,-1289.4658505829898
146,-1289.4658505829898
147,-1289.4658505829898
148,-1289.4658505829898
149,-1289.4658505829898
150,-1289.4658505829898
151,-1289.4658505829898
152,-1289.4658505829898
153,-1289.4658505829898
154,-1289.4658505829898
155,-1289.4658505829898
156,-1289.4658505829898
157,-1289.4658505829898
158,-1289.4658505829898
159,-1289.4658505829898
160,-1289.4658505829898
161,-1289.4658505829898
162,-1289.4658505829898
163,-1289.4658505829898
164,-1289.4658505829898
165,-1289.4658505829898
166,-1289.4658505829898
167,-1289.4658505829898
168,-1289.4658505829898
169,-1289.4658505829898
170,-1289.4658505829898
171,-1289.4658505829898
172,-1289.4658505829898
173,-1289.4658505829898
174,-1289.4658505829898
175,-1289.4658505829898
176,-1289.4658505829898
177,-1289.4658505829898
178,-1289.4658505829898
179,-1289.4658505829898
180,-1289.4658505829898
181,-1289.4658505829898
182,-1289.4658505829898
183,-1289.4658505829898
184,-1289.4658505829898
185,-1289.4658505829898
186,-1289.4658505829898
187,-1289.4658505829898
188,-1289.4658505829898
189,-1289.4658505829898
190,-1289.4658505829898
191,-1289.4658505829898
192,-1289.4658505829898
193,-1289.4658505829898
194,-1289.4658505829898
195,-1289.4658505829898
196,-1289.4658505829898
197,-1289.4658505829898
198,-1289.4658505829898
199,-1289.4658505829898
200,-1289.4658505829898
201,-1289.4658505829898
202,-1289.4658505829898
203,-1289.4658505829898
204,-1289.4658505829898
205,-1289.4658505829898
206,-1289.4658505829898
207,-1289.4658505829898
208,-1289.4658505829898
209,-1289.4658505829898
210,-1289.4658505829898
211,-1289.4658505829898
212,-1289.4658505829898
213,-1289.4658505829898
214,-1289.4658505829898
215,-1289.4658505829898
216,-1289.4658505829898
217,-1289.4658505829898
218,-1289.4658505829898
219,-1289.4658505829898
220,-1289.4658505829898
221,-1289.4658505829898
222,-1289.4658505829898
223,-1289.4658505829898
224,-1289.4658505829898
225,-1289.4658505829898
226,-1289.4658505829898
227,-1289.4658505829898
228,-1289.4658505829898
229,-1289.4658505829898
230,-1289.4658505829898
231,-1289.4658505829898
232,-1289.4658505829898
233,-1289.4658505829898
234,-1289.4658505829898
235,-1289.4658505829898
236,-1289.4658505829898
237,-1289.4658505829898
238,-1289.4658505829898
239,-1289.4658505829898
240,-1289.4658505829898
241,-1289.4658505829898
242,-1289.4658505829898
243,-1289.4658505829898
244,-1289.4658505829898
245,-1289.4658505829898
246,-1289.4658505829898
247,-1289.4658505829898
248,-1289.4658505829898
249,-1289.4658505829898
250,-1289.4658505829898
251,-1289.4658505829898
252,-1289.4658505829898
253,-1289.4658505829898
254,-1289.4658505829898
255,-1289.4658505829898
256,-1289.4658505829898
257,-1289.4658505829898
258,-1289.4658505829898
259,-1289.4658505829898
260,-1289.4658505829898
261,-1289.4658505829898
262,-1289.4658505829898
263,-1289.4658505829898
264,-1289.4658505829898
265,-1289.4658505829898
266,-1289.4658505829898
267,-1289.4658505829898
268,-1289.4658505829898
269,-1289.4658505829898
270,-1289.4658505829898
271,-1289.4658505829898
272,-1289.4658505829898
273,-1289.4658505829898
274,-1289.4658505829898
275,-1289.4658505829898
276,-1289.4658505829898
277,-1289.4658505829898
278,-1289.4658505829898
279,-1289.4658505829898
280,-1289.4658505829898
281,-1289.4658505829898
282,-1289.4658505829898
283,-1289.4658505829898
284,-1289.4658505829898
285,-1289.4658505829898
286,-1289.4658505829898
287,-1289.4658505829898
288,-1289.4658505829898
289,-1289.4658505829898
290,-1289.4658505829898
291,-1289.4658505829898
292,-1289.4658505829898
293,-1289.4658505829898
294,-1289.4658505829898
295,-1289.4658505829898
296,-1289.4658505829898
297,-1289.4658505829898
298,-1289.4658505829898
299,-1289.4658505829898
300,-1289.4658505829898
301,-1289.4658505829898
302,-1289.4658505829898
303,-1289.4658505829898
304,-1289.4658505829898
305,-1289.4658505829898
306,-1289.4658505829898
307,-1289.4658505829898
308,-1289.4658505829898
309,-1289.4658505829898
310,-1289.4658505829898
311,-1289.4658505829898
312,-1289.4658505829898
313,-1289.4658505829898
314,-1289.4658505829898
315,-1289.4658505829898
316,-1289.4658505829898
317,-1289.4658505829898
318,-1289.4658505829898
319,-1289.4658505829898
320,-1289.4658505829898
321,-1289.4658505829898
322,-1289.4658505829898
323,-1289.4658505829898
324,-1289.4658505829898
325,-1289.4658505829898
326,-1289.4658505829898
327,-1289.4658505829898
328,-1289.4658505829898
329,-1289.4658505829898
330,-1289.4658505829898
331,-1289.4658505829898
332,-1289.4658505829898
333,-1289.4658505829898
334,-1289.4658505829898
335,-1289.4658505829898
336,-1289.4658505829898
337,-1289.4658505829898
338,-1289.4658505829898
339,-1289.4658505829898
340,-1289.4658505829898
341,-1289.4658505829898
342,-1289.4658505829898
343,-1289.4658505829898
344,-1289.4658505829898
345,-1289.4658505829898
346,-1289.4658505829898
347,-1289.4658505829898
348,-1289.4658505829898
349,-1289.4658505829898
350,-1289.4658505829898
351,-1289.4658505829898
352,-1289.4658505829898
353,-1289.4658505829898
354,-1289.4658505829898
355,-1289.4658505829898
356,-1289.4658505829898
357,-1289.4658505829898
358,-1289.4658505829898
359,-1289.4658505829898
360,-1289.4658505829898
361,-1289.4658505829898
362,-1289.4658505829898
363,-1289.4658505829898
364,-1289.4658505829898
365,-1289.4658505829898
366,-1289.4658505829898
367,-1289.4658505829898
368,-1289.4658505829898
369,-1289.4658505829898
370,-1289.4658505829898
371,-1289.4658505829898
372,-1289.4658505829898
373,-1289.4658505829898
374,-1289.4658505829898
375,-1289.4658505829898
376,-1289.4658505829898
377,-1289.4658505829898
378,-1289.4658505829898
379,-1289.4658505829898
380,-1289.4658505829898
381,-1289.4658505829898
382,-1289.4658505829898
383,-1289.4658505829898
384,-1289.4658505829898
385,-1289.4658505829898
386,-1289.4658505829898
387,-1289.4658505829898
388,-1289.4658505829898
389,-1289.4658505829898
390,-1289.4658505829898
391,-1289.4658505829898
392,-1289.4658505829898
393,-1289.4658505829898
394,-1289.4658505829898
395,-1289.4658505829898
396,-1289.4658505829898
397,-1289.4658505829898
398,-1289.4658505829898
399,-1289.4658505829898
400,-1289.4658505829898
401,-1289.4658505829898
402,-1289.4658505829898
403,-1289.4658505829898
404,-1289.4658505829898
405,-1289.4658505829898
406,-1289.4658505829898
407,-1289.4658505829898
408,-1289.4658505829898
409,-1289.4658505829898
410,-1289.4658505829898
411,-1289.4658505829898
412,-1289.4658505829898
413,-1289.4658505829898
414,-1289.4658505829898
415,-1289.4658505829898
416,-1289.4658505829898
417,-1289.4658505829898
418,-1289.4658505829898
419,-1289.4658505829898
420,-1289.4658505829898
421,-1289.4658505829898
422,-1289.4658505829898
423,-1289.4658505829898
424,-1289.4658505829898
425,-1289.4658505829898
426,-1289.4658505829898
427,-1289.4658505829898
428,-1289.4658505829898
429,-1289.4658505829898
430,-1289.4658505829898
431,-1289.4658505829898
432,-1289.4658505829898
433,-1289.4658505829898
434,-1289.4658505829898
435,-1289.4658505829898
436,-1289.4658505829898
437,-1289.4658505829898
438,-1289.4658505829898
439,-1289.4658505829898
440,-1289.4658505829898
441,-1289.4658505829898
442,-1289.4658505829898
443,-1289.4658505829898
444,-1289.4658505829898
445,-1289.4658505829898
446,-1289.4658505829898
447,-1289.4658505829898
448,-1289.4658505829898
449,-1289.4658505829898
450,-1289.4658505829898
451,-1289.4658505829898
452,-1289.4658505829898
453,-1289.4658505829898
454,-1289.4658505829898
455,-1289.4658505829898
456,-1289.4658505829898
457,-1289.4658505829898
458,-1289.4658505829898
459,-1289.4658505829898
460,-1289.4658505829898
461,-1289.4658505829898
462,-1289.4658505829898
463,-1289.4658505829898
464,-1289.4658505829898
465,-1289.4658505829898
466,-1289.4658505829898
467,-1289.4658505829898
468,-1289.4658505829898
469,-1289.4658505829898
470,-1289.4658505829898
471,-1289.4658505829898
472,-1289.4658505829898
473,-1289.4658505829898
474,-1289.4658505829898
475,-1289.4658505829898
476,-1289.4658505829898
477,-1289.4658505829898
478,-1289.4658505829898
479,-1289.4658505829898
480,-1289.4658505829898
481,-1289.4658505829898
482,-1289.4658505829898
483,-1289.4658505829898
484,-1289.4658505829898
485,-1289.4658505829898
486,-1289.4658505829898
487,-1289.4658505829898
488,-1289.4658505829898
489,-1289.4658505829898
490,-1289.4658505829898
491,-1289.4658505829898
492,-1289.4658505829898
493,-1289.4658505829898
494,-1289.4658505829898
495,-1289.4658505829898
496,-1289.4658505829898
497,-1289.4658505829898
498,-1289.4658505829898
499,-1289.4658505829898
500,-1289.4658505829898
501,-1289.4658505829898
502,-1289.4658505829898
503,-1289.4658505829898
504,-1289.4658505829898
505,-1289.4658505829898
506,-1289.4658505829898
507,-1289.4658505829898
508,-1289.4658505829898
509,-1289.4658505829898
510,-1289.4658505829898
511,-1289.4658505829898
512,-1289.4658505829898
513,-1289.4658505829898
514,-1289.4658505829898
515,-1289.4658505829898
516,-1289.4658505829898
517,-1289.4658505829898
518,-1289.4658505829898
519,-1289.4658505829898
520,-1289.4658505829898
521,-1289.4658505829898
522,-1289.4658505829898
523,-1289.4658505829898
524,-1289.4658505829898
525,-1289.4658505829898
526,-1289.4658505829898
527,-1289.4658505829898
528,-1289.4658505829898
529,-1289.4658505829898
530,-1289.4658505829898
531,-1289.4658505829898
532,-1289.4658505829898
533,-1289.4658505829898
534,-1289.4658505829898
535,-1289.4658505829898
536,-1289.4658505829898
537,-1289.4658505829898
538,-1289.4658505829898
539,-1289.4658505829898
540,-1289.4658505829898
541,-1289.4658505829898
542,-1289.4658505829898
543,-1289.4658505829898
544,-1289.4658505829898
545,-1289.4658505829898
546,-1289.4658505829898
547,-1289.4658505829898
548,-1289.4658505829898
549,-1289.4658505829898
550,-1289.4658505829898
551,-1289.4658505829898
552,-1289.4658505829898
553,-1289.4658505829898
554,-1289.4658505829898
555,-1289.4658505829898
556,-1289.4658505829898
557,-1289.4658505829898
558,-1289.4658505829898
559,-1289.4658505829898
560,-1289.4658505829898
561,-1289.4658505829898
562,-1289.4658505829898
563,-1289.4658505829898
564,-1289.4658505829898
565,-1289.4658505829898
566,-1289.4658505829898
567,-1289.4658505829898
568,-1289.4658505829898
569,-1289.4658505829898
570,-1289.4658505829898
571,-1289.4658505829898
572,-1289.4658505829898
573,-1289.4658505829898
574,-1289.4658505829898
575,-1289.4658505829898
576,-1289.4658505829898
577,-1289.4658505829898
578,-1289.4658505829898
579,-1289.4658505829898
580,-1289.4658505829898
581,-1289.4658505829898
582,-1289.4658505829898
583,-1289.4658505829898
584,-1289.4658505829898
585,-1289.4658505829898
586,-1289.4658505829898
587,-1289.4658505829898
588,-1289.4658505829898
589,-1289.4658505829898
590,-1289.4658505829898
591,-1289.4658505829898
592,-1289.4658505829898
593,-1289.4658505829898
594,-1289.4658505829898
595,-1289.4658505829898
596,-1289.4658505829898
597,-1289.4658505829898
598,-1289.4658505829898
599,-1289.4658505829898
600,-1289.4658505829898
601,-1289.4658505829898
602,-1289.4658505829898
603,-1289.4658505829898
604,-1289.4658505829898
605,-1289.4658505829898
606,-1289.4658505829898
607,-1289.4658505829898
608,-1289.4658505829898
609,-1289.4658505829898
610,-1289.4658505829898
611,-1289.4658505829898
612,-1289.4658505829898
613,-1289.4658505829898
614,-1289.4658505829898
615,-1289.4658505829898
616,-1289.4658505829898
617,-1289.4658505829898
618,-1289.4658505829898
619,-1289.4658505829898
620,-1289.4658505829898
621,-1289.4658505829898
622,-1289.4658505829898
623,-1289.4658505829898
624,-1289.4658505829898
625,-1289.4658505829898
626,-1289.4658505829898
627,-1289.4658505829898
628,-1289.4658505829898
629,-1289.4658505829898
630,-1289.4658505829898
631,-1289.4658505829898
632,-1289.4658505829898
633,-1289.4658505829898
634,-1289.4658505829898
635,-1289.4658505829898
636,-1289.4658505829898
637,-1289.4658505829898
638,-1289.4658505829898
639,-1289.4658505829898
640,-1289.4658505829898
641,-1289.4658505829898
642,-1289.4658505829898
643,-1289.4658505829898
644,-1289.4658505829898
645,-1289.4658505829898
646,-1289.4658505829898
647,-1289.4658505829898
648,-1289.4658505829898
649,-1289.4658505829898
650,-1289.4658505829898
651,-1289.4658505829898
652,-1289.4658505829898
653,-1289.4658505829898
654,-1289.4658505829898
655,-1289.4658505829898
656,-1289.4658505829898
657,-1289.4658505829898
658,-1289.4658505829898
659,-1289.4658505829898
660,-1289.4658505829898
661,-1289.4658505829898
662,-1289.4658505829898
663,-1289.4658505829898
664,-1289.4658505829898
665,-1289.4658505829898
666,-1289.4658505829898
667,-1289.4658505829898
668,-1289.4658505829898
669,-1289.4658505829898
670,-1289.4658505829898
671,-1289.4658505829898
672,-1289.4658505829898
673,-1289.4658505829898
674,-1289.4658505829898
675,-1289.4658505829898
676,-1289.4658505829898
677,-1289.4658505829898
678,-1289.4658505829898
679,-1289.4658505829898
680,-1289.4658505829898
681,-1289.4658505829898
682,-1289.4658505829898
683,-1289.4658505829898
684,-1289.4658505829898
685,-1289.4658505829898
686,-1289.4658505829898
687,-1289.4658505829898
688,-1289.4658505829898
689,-1289.4658505829898
690,-1289.4658505829898
691,-1289.4658505829898
692,-1289.4658505829898
693,-1289.4658505829898
694,-1289.4658505829898
695,-1289.4658505829898
696,-1289.4658505829898
697,-1289.4658505829898
698,-1289.4658505829898
699,-1289.4658505829898
700,-1289.4658505829898
701,-1289.4658505829898
702,-1289.4658505829898
703,-1289.4658505829898
704,-1289.4658505829898
705,-1289.4658505829898
706,-1289.4658505829898
707,-1289.4658505829898
708,-1289.4658505829898
709,-1289.4658505829898
710,-1289.4658505829898
711,-1289.4658505829898
712,-1289.4658505829898
713,-1289.4658505829898
714,-1289.4658505829898
715,-1289.4658505829898
716,-1289.4658505829898
717,-1289.4658505829898
718,-1289.4658505829898
719,-1289.4658505829898
720,-1289.4658505829898
721,-1289.4658505829898
722,-1289.4658505829898
723,-1289.4658505829898
724,-1289.4658505829898
725,-1289.4658505829898
726,-1289.4658505829898
727,-1289.4658505829898
728,-1289.4658505829898
729,-1289.4658505829898
730,-1289.4658505829898
731,-1289.4658505829898
732,-1289.4658505829898
733,-1289.4658505829898
734,-1289.4658505829898
735,-1289.4658505829898
736,-1289.4658505829898
737,-1289.4658505829898
738,-1289.4658505829898
739,-1289.4658505829898
740,-1289.4658505829898
741,-1289.4658505829898
742,-1289.4658505829898
743,-1289.4658505829898
744,-1289.4658505829898
745,-1289.4658505829898
746,-1289.4658505829898
747,-1289.4658505829898
748,-1289.4658505829898
749,-1289.4658505829898
750,-1289.4658505829898
751,-1289.4658505829898
752,-1289.4658505829898
753,-1289.4658505829898
754,-1289.4658505829898
755,-1289.4658505829898
756,-1289.4658505829898
757,-1289.4658505829898
758,-1289.4658505829898
759,-1289.4658505829898
760,-1289.4658505829898
761,-1289.4658505829898
762,-1289.4658505829898
763,-1289.4658505829898
764,-1289.4658505829898
765,-1289.4658505829898
766,-1289.4658505829898
767,-1289.4658505829898
768,-1289.4658505829898
769,-1289.4658505829898
770,-1289.4658505829898
771,-1289.4658505829898
772,-1289.4658505829898
773,-1289.4658505829898
774,-1289.4658505829898
775,-1289.4658505829898
776,-1289.4658505829898
777,-1289.4658505829898
778,-1289.4658505829898
779,-1289.4658505829898
780,-1289.4658505829898
781,-1289.4658505829898
782,-1289.4658505829898
783,-1289.4658505829898
784,-1289.4658505829898
785,-1289.4658505829898
786,-1289.4658505829898
787,-1289.4658505829898
788,-1289.4658505829898
789,-1289.4658505829898
790,-1289.4658505829898
791,-1289.4658505829898
792,-1289.4658505829898
793,-1289.4658505829898
794,-1289.4658505829898
795,-1289.4658505829898
796,-1289.4658505829898
797,-1289.4658505829898
798,-1289.4658505829898
799,-1289.4658505829898
800,-1289.4658505829898
801,-1289.4658505829898
802,-1289.4658505829898
803,-1289.4658505829898
804,-1289.4658505829898
805,-1289.4658505829898
806,-1289.4658505829898
807,-1289.4658505829898
808,-1289.4658505829898
809,-1289.4658505829898
810,-1289.4658505829898
811,-1289.4658505829898
812,-1289.4658505829898
813,-1289.4658505829898
814,-1289.4658505829898
815,-1289.4658505829898
816,-1289.4658505829898
817,-1289.4658505829898
818,-1289.4658505829898
819,-1289.4658505829898
820,-1289.4658505829898
821,-1289.4658505829898
822,-1289.4658505829898
823,-1289.4658505829898
824,-1289.4658505829898
825,-1289.4658505829898
826,-1289.4658505829898
827,-1289.4658505829898
828,-1289.4658505829898
829,-1289.4658505829898
830,-1289.4658505829898
831,-1289.4658505829898
832,-1289.4658505829898
833,-1289.4658505829898
834,-1289.4658505829898
835,-1289.4658505829898
836,-1289.4658505829898
837,-1289.4658505829898
838,-1289.4658505829898
839,-1289.4658505829898
840,-1289.4658505829898
841,-1289.4658505829898
842,-1289.4658505829898
843,-1289.4658505829898
844,-1289.4658505829898
845,-1289.4658505829898
846,-1289.4658505829898
847,-1289.4658505829898
848,-1289.4658505829898
849,-1289.4658505829898
850,-1289.4658505829898
851,-1289.4658505829898
852,-1289.4658505829898
853,-1289.4658505829898
854,-1289.4658505829898
855,-1289.4658505829898
856,-1289.4658505829898
857,-1289.4658505829898
858,-1289.4658505829898
859,-1289.4658505829898
860,-1289.4658505829898
861,-1289.4658505829898
862,-1289.4658505829898
863,-1289.4658505829898
864,-1289.4658505829898
865,-1289.4658505829898
866,-1289.4658505829898
867,-1289.4658505829898
868,-1289.4658505829898
869,-1289.4658505829898
870,-1289.4658505829898
871,-1289.4658505829898
872,-1289.4658505829898
873,-1289.4658505829898
874,-1289.4658505829898
875,-1289.4658505829898
876,-1289.4658505829898
877,-1289.4658505829898
878,-1289.4658505829898
879,-1289.4658505829898
880,-1289.4658505829898
881,-1289.4658505829898
882,-1289.4658505829898
883,-1289.4658505829898
884,-1289.4658505829898
885,-1289.4658505829898
886,-1289.4658505829898
887,-1289.4658505829898
888,-1289.4658505829898
889,-1289.4658505829898
890,-1289.4658505829898
891,-1289.4658505829898
892,-1289.4658505829898
893,-1289.4658505829898
894,-1289.4658505829898
895,-1289.4658505829898
896,-1289.4658505829898
897,-1289.4658505829898
898,-1289.4658505829898
899,-1289.4658505829898
900,-1289.4658505829898
901,-1289.4658505829898
902,-1289.4658505829898
903,-1289.4658505829898
904,-1289.4658505829898
905,-1289.4658505829898
906,-1289.4658505829898
907,-1289.4658505829898
908,-1289.4658505829898
909,-1289.4658505829898
910,-1289.4658505829898
911,-1289.4658505829898
912,-1289.4658505829898
913,-1289.4658505829898
914,-1289.4658505829898
915,-1289.4658505829898
916,-1289.4658505829898
917,-1289.4658505829898
918,-1289.4658505829898
919,-1289.4658505829898
920,-1289.4658505829898
921,-1289.4658505829898
922,-1289.4658505829898
923,-1289.4658505829898
924,-1289.4658505829898
925,-1289.4658505829898
926,-1289.4658505829898
927,-1289.4658505829898
928,-1289.4658505829898
929,-1289.4658505829898
930,-1289.4658505829898
931,-1289.4658505829898
932,-1289.4658505829898
933,-1289.4658505829898
934,-1289.4658505829898
935,-1289.4658505829898
936,-1289.4658505829898
937,-1289.4658505829898
938,-1289.4658505829898
939,-1289.4658505829898
940,-1289.4658505829898
941,-1289.4658505829898
942,-1289.4658505829898
943,-1289.4658505829898
944,-1289.4658505829898
945,-1289.4658505829898
946,-1289.4658505829898
947,-1289.4658505829898
948,-1289.4658505829898
949,-1289.4658505829898
950,-1289.4658505829898
951,-1289.4658505829898
952,-1289.4658505829898
953,-1289.4658505829898
954,-1289.4658505829898
955,-1289.4658505829898
956,-1289.4658505829898
957,-1289.4658505829898
958,-1289.4658505829898
959,-1289.4658505829898
960,-1289.4658505829898
961,-1289.4658505829898
962,-1289.4658505829898
963,-1289.4658505829898
964,-1289.4658505829898
965,-1289.4658505829898
966,-1289.4658505829898
967,-1289.4658505829898
968,-1289.4658505829898
969,-1289.4658505829898
970,-1289.4658505829898
971,-1289.4658505829898
972,-1289.4658505829898
973,-1289.4658505829898
974,-1289.4658505829898
975,-1289.4658505829898
976,-1289.4658505829898
977,-1289.4658505829898
978,-1289.4658505829898
979,-1289.4658505829898
980,-1289.4658505829898
981,-1289.4658505829898
982,-1289.4658505829898
983,-1289.4658505829898
984,-1289.4658505829898
985,-1289.4658505829898
986,-1289.4658505829898
987,-1289.4658505829898
988,-1289.4658505829898
989,-1289.4658505829898
990,-1289.4658505829898
991,-1289.4658505829898
992,-1289.4658505829898
993,-1289.4658505829898
994,-1289.4658505829898
995,-1289.4658505829898
996,-1289.4658505829898
997,-1289.4658505829898
998,-1289.4658505829898
999,-1289.4658505829898
1000,-1289.4658505829898
1001,-1289.4658505829898
1002,-1289.4658505829898
1003,-1289.4658505829898
1004,-1289.4658505829898
1005,-1289.4658505829898
1006,-1289.4658505829898
1007,-1289.4658505829898
1008,-1289.4658505829898
1009,-1289.4658505829898
1010,-1289.4658505829898
1011,-1289.4658505829898
1012,-1289.4658505829898
1013,-1289.4658505829898
1014,-1289.4658505829898
1015,-1289.4658505829898
1016,-1289.4658505829898
1017,-1289.4658505829898
1018,-1289.4658505829898
1019,-1289.4658505829898
1020,-1289.4658505829898
1021,-1289.4658505829898
1022,-1289.4658505829898
1023,-1289.4658505829898
1024,-1289.4658505829898
1025,-1289.4658505829898
1026,-1289.4658505829898
1027,-1289.4658505829898
1028,-1289.4658505829898
1029,-1289.4658505829898
1030,-1289.4658505829898
1031,-1289.4658505829898
1032,-1289.4658505829898
1033,-1289.4658505829898
1034,-1289.4658505829898
1035,-1289.4658505829898
1036,-1289.4658505829898
1037,-1289.4658505829898
1038,-1289.4658505829898
1039,-1289.4658505829898
1040,-1289.4658505829898
1041,-1289.4658505829898
1042,-1289.4658505829898
1043,-1289.4658505829898
1044,-1289.4658505829898
1045,-1289.4658505829898
1046,-1289.4658505829898
1047,-1289.4658505829898
1048,-1289.4658505829898
1049,-1289.4658505829898
1050,-1289.4658505829898
1051,-1289.4658505829898
1052,-1289.4658505829898
1053,-1289.4658505829898
1054,-1289.4658505829898
1055,-1289.4658505829898
1056,-1289.4658505829898
1057,-1289.4658505829898
1058,-1289.4658505829898
1059,-1289.4658505829898
1060,-1289.4658505829898
1061,-1289.4658505829898
1062,-1289.4658505829898
1063,-1289.4658505829898
1064,-1289.4658505829898
1065,-1289.4658505829898
1066,-1289.4658505829898
1067,-1289.4658505829898
1068,-1289.4658505829898
1069,-1289.4658505829898
1070,-1289.4658505829898
1071,-1289.4658505829898
1072,-1289.4658505829898
1073,-1289.4658505829898
1074,-1289.4658505829898
1075,-1289.4658505829898
1076,-1289.4658505829898
1077,-1289.4658505829898
1078,-1289.4658505829898
1079,-1289.4658505829898
1080,-1289.4658505829898
1081,-1289.4658505829898
1082,-1289.4658505829898
1083,-1289.4658505829898
1084,-1289.4658505829898
1085,-1289.4658505829898
1086,-1289.4658505829898
1087,-1289.4658505829898
1088,-1289.4658505829898
1089,-1289.4658505829898
1090,-1289.4658505829898
1091,-1289.4658505829898
1092,-1289.4658505829898
1093,-1289.4658505829898
1094,-1289.4658505829898
1095,-1289.4658505829898
1096,-1289.4658505829898
1097,-1289.4658505829898
1098,-1289.4658505829898
1099,-1289.4658505829898
1100,-1289.4658505829898
1101,-1289.4658505829898
1102,-1289.4658505829898
1103,-1289.4658505829898
1104,-1289.4658505829898
1105,-1289.4658505829898
1106,-1289.4658505829898
1107,-1289.4658505829898
1108,-1289.4658505829898
1109,-1289.4658505829898
1110,-1289.4658505829898
1111,-1289.4658505829898
1112,-1289.4658505829898
1113,-1289.4658505829898
1114,-1289.4658505829898
1115,-1289.4658505829898
1116,-1289.4658505829898
1117,-1289.4658505829898
1118,-1289.4658505829898
1119,-1289.4658505829898
1120,-1289.4658505829898
1121,-1289.4658505829898
1122,-1289.4658505829898
1123,-1289.4658505829898
1124,-1289.4658505829898
1125,-1289.4658505829898
1126,-1289.4658505829898
1127,-1289.4658505829898
1128,-1289.4658505829898
1129,-1289.4658505829898
1130,-1289.4658505829898
1131,-1289.4658505829898
1132,-1289.4658505829898
1133,-1289.4658505829898
1134,-1289.4658505829898
1135,-1289.4658505829898
1136,-1289.4658505829898
1137,-1289.4658505829898
1138,-1289.4658505829898
1139,-1289.4658505829898
1140,-1289.4658505829898
1141,-1289.4658505829898
1142,-1289.4658505829898
1143,-1289.4658505829898
1144,-1289.4658505829898
1145,-1289.4658505829898
1146,-1289.4658505829898
1147,-1289.4658505829898
1148,-1289.4658505829898
1149,-1289.4658505829898
1150,-1289.4658505829898
1151,-1289.4658505829898
1152,-1289.4658505829898
1153,-1289.4658505829898
1154,-1289.4658505829898
1155,-1289.4658505829898
1156,-1289.4658505829898
1157,-1289.4658505829898
1158,-1289.4658505829898
1159,-1289.4658505829898
1160,-1289.4658505829898
1161,-1289.4658505829898
1162,-1289.4658505829898
1163,-1289.4658505829898
1164,-1289.4658505829898
1165,-1289.4658505829898
1166,-1289.4658505829898
1167,-1289.4658505829898
1168,-1289.4658505829898
1169,-1289.4658505829898
1170,-1289.4658505829898
1171,-1289.4658505829898
1172,-1289.4658505829898
1173,-1289.4658505829898
1174,-1289.4658505829898
1175,-1289.4658505829898
1176,-1289.4658505829898
1177,-1289.4658505829898
1178,-1289.4658505829898
1179,-1289.4658505829898
1180,-1289.4658505829898
1181,-1289.4658505829898
1182,-1289.4658505829898
1183,-1289.4658505829898
1184,-1289.4658505829898
1185,-1289.4658505829898
1186,-1289.4658505829898
1187,-1289.4658505829898
1188,-1289.4658505829898
1189,-1289.4658505829898
1190,-1289.4658505829898
1191,-1289.4658505829898
1192,-1289.4658505829898
1193,-1289.4658505829898
1194,-1289.4658505829898
1195,-1289.4658505829898
1196,-1289.4658505829898
1197,-1289.4658505829898
1198,-1289.4658505829898
1199,-1289.4658505829898
1200,-1289.4658505829898
1201,-1289.4658505829898
1202,-1289.4658505829898
1203,-1289.4658505829898
1204,-1289.4658505829898
1205,-1289.4658505829898
1206,-1289.4658505829898
1207,-1289.4658505829898
1208,-1289.4658505829898
1209,-1289.4658505829898
1210,-1289.4658505829898
1211,-1289.4658505829898
1212,-1289.4658505829898
1213,-1289.4658505829898
1214,-1289.4658505829898
1215,-1289.4658505829898
1216,-1289.4658505829898
1217,-1289.4658505829898
1218,-1289.4658505829898
1219,-1289.4658505829898
1220,-1289.4658505829898
1221,-1289.4658505829898
1222,-1289.4658505829898
1223,-1289.4658505829898
1224,-1289.4658505829898
1225,-1289.4658505829898
1226,-1289.4658505829898
1227,-1289.4658505829898
1228,-1289.4658505829898
1229,-1289.4658505829898
1230,-1289.4658505829898
1231,-1289.4658505829898
1232,-1289.4658505829898
1233,-1289.4658505829898
1234,-1289.4658505829898
1235,-1289.4658505829898
1236,-1289.4658505829898
1237,-1289.4658505829898
1238,-1289.4658505829898
1239,-1289.4658505829898
1240,-1289.4658505829898
1241,-1289.4658505829898
1242,-1289.4658505829898
1243,-1289.4658505829898
1244,-1289.4658505829898
1245,-1289.4658505829898
1246,-1289.4658505829898
1247,-1289.4658505829898
1248,-1289.4658505829898
1249,-1289.4658505829898
1250,-1289.4658505829898
1251,-1289.4658505829898
1252,-1289.4658505829898
1253,-1289.4658505829898
1254,-1289.4658505829898
1255,-1289.4658505829898
1256,-1289.4658505829898
1257,-1289.4658505829898
1258,-1289.4658505829898
1259,-1289.4658505829898
1260,-1289.4658505829898
1261,-1289.4658505829898
1262,-1289.4658505829898
1263,-1289.4658505829898
1264,-1289.4658505829898
1265,-1289.4658505829898
1266,-1289.4658505829898
1267,-1289.4658505829898
1268,-1289.4658505829898
1269,-1289.4658505829898
1270,-1289.4658505829898
1271,-1289.4658505829898
1272,-1289.4658505829898
1273,-1289.4658505829898
1274,-1289.4658505829898
1275,-1289.4658505829898
1276,-1289.4658505829898
1277,-1289.4658505829898
1278,-1289.4658505829898
1279,-1289.4658505829898
1280,-1289.4658505829898
1281,-1289.4658505829898
1282,-1289.4658505829898
1283,-1289.4658505829898
1284,-1289.4658505829898
1285,-1289.4658505829898
1286,-1289.4658505829898
1287,-1289.4658505829898
1288,-1289.4658505829898
1289,-1289.4658505829898
1290,-1289.4658505829898
1291,-1289.4658505829898
1292,-1289.4658505829898
1293,-1289.4658505829898
1294,-1289.4658505829898
1295,-1289.4658505829898
1296,-1289.4658505829898
1297,-1289.4658505829898
1298,-1289.4658505829898
1299,-1289.4658505829898
1300,-1289.4658505829898
1301,-1289.4658505829898
1302,-1289.4658505829898
1303,-1289.4658505829898
1304,-1289.4658505829898
1305,-1289.4658505829898
1306,-1289.4658505829898
1307,-1289.4658505829898
1308,-1289.4658505829898
1309,-1289.4658505829898
1310,-1289.4658505829898
1311,-1289.4658505829898
1312,-1289.4658505829898
1313,-1289.4658505829898
1314,-1289.4658505829898
1315,-1289.4658505829898
1316,-1289.4658505829898
1317,-1289.4658505829898
1318,-1289.4658505829898
1319,-1289.4658505829898
1320,-1289.4658505829898
1321,-1289.4658505829898
1322,-1289.4658505829898
1323,-1289.4658505829898
1324,-1289.4658505829898
1325,-1289.4658505829898
1326,-1289.4658505829898
1327,-1289.4658505829898
1328,-1289.4658505829898
1329,-1289.4658505829898
1330,-1289.4658505829898
1331,-1289.4658505829898
1332,-1289.4658505829898
1333,-1289.4658505829898
1334,-1289.4658505829898
1335,-1289.4658505829898
1336,-1289.4658505829898
1337,-1289.4658505829898
1338,-1289.4658505829898
1339,-1289.4658505829898
1340,-1289.4658505829898
1341,-1289.4658505829898
1342,-1289.4658505829898
1343,-1289.4658505829898
1344,-1289.4658505829898
1345,-1289.4658505829898
1346,-1289.4658505829898
1347,-1289.4658505829898
1348,-1289.4658505829898
1349,-1289.4658505829898
1350,-1289.4658505829898
1351,-1289.4658505829898
1352,-1289.4658505829898
1353,-1289.4658505829898
1354,-1289.4658505829898
1355,-1289.4658505829898
1356,-1289.4658505829898
1357,-1289.4658505829898
1358,-1289.4658505829898
1359,-1289.4658505829898
1360,-1289.4658505829898
1361,-1289.4658505829898
1362,-1289.4658505829898
1363,-1289.4658505829898
1364,-1289.4658505829898
1365,-1289.4658505829898
1366,-1289.4658505829898
1367,-1289.4658505829898
1368,-1289.4658505829898
1369,-1289.4658505829898
1370,-1289.4658505829898
1371,-1289.4658505829898
1372,-1289.4658505829898
1373,-1289.4658505829898
1374,-1289.4658505829898
1375,-1289.4658505829898
1376,-1289.4658505829898
1377,-1289.4658505829898
1378,-1289.4658505829898
1379,-1289.4658505829898
1380,-1289.4658505829898
1381,-1289.4658505829898
1382,-1289.4658505829898
1383,-1289.4658505829898
1384,-1289.4658505829898
1385,-1289.4658505829898
1386,-1289.4658505829898
1387,-1289.4658505829898
1388,-1289.4658505829898
1389,-1289.4658505829898
1390,-1289.4658505829898
1391,-1289.4658505829898
1392,-1289.4658505829898
1393,-1289.4658505829898
1394,-1289.4658505829898
1395,-1289.4658505829898
1396,-1289.4658505829898
1397,-1289.4658505829898
1398,-1289.4658505829898
1399,-1289.4658505829898
1400,-1289.4658505829898
1401,-1289.4658505829898
1402,-1289.4658505829898
1403,-1289.4658505829898
1404,-1289.4658505829898
1405,-1289.4658505829898
1406,-1289.4658505829898
1407,-1289.4658505829898
1408,-1289.4658505829898
1409,-1289.4658505829898
1410,-1289.4658505829898
1411,-1289.4658505829898
1412,-1289.4658505829898
1413,-1289.4658505829898
1414,-1289.4658505829898
1415,-1289.4658505829898
1416,-1289.4658505829898
1417,-1289.4658505829898
1418,-1289.4658505829898
1419,-1289.4658505829898
1420,-1289.4658505829898
1421,-1289.4658505829898
1422,-1289.4658505829898
1423,-1289.4658505829898
1424,-1289.4658505829898
1425,-1289.4658505829898
1426,-1289.4658505829898
1427,-1289.4658505829898
1428,-1289.4658505829898
1429,-1289.4658505829898
1430,-1289.4658505829898
1431,-1289.4658505829898
1432,-1289.4658505829898
1433,-1289.4658505829898
1434,-1289.4658505829898
1435,-1289.4658505829898
1436,-1289.4658505829898
1437,-1289.4658505829898
1438,-1289.4658505829898
1439,-1289.4658505829898
1440,-1289.4658505829898
1441,-1289.4658505829898
1442,-1289.4658505829898
1443,-1289.4658505829898
1444,-1289.4658505829898
1445,-1289.4658505829898
1446,-1289.4658505829898
1447,-1289.4658505829898
1448,-1289.4658505829898
1449,-1289.4658505829898
1450,-1289.4658505829898
1451,-1289.4658505829898
1452,-1289.4658505829898
1453,-1289.4658505829898
1454,-1289.4658505829898
1455,-1289.4658505829898
1456,-1289.4658505829898
1457,-1289.4658505829898
1458,-1289.4658505829898
1459,-1289.4658505829898
1460,-1289.4658505829898
1461,-1289.4658505829898
1462,-1289.4658505829898
1463,-1289.4658505829898
1464,-1289.4658505829898
1465,-1289.4658505829898
1466,-1289.4658505829898
1467,-1289.4658505829898
1468,-1289.4658505829898
1469,-1289.4658505829898
1470,-1289.4658505829898
1471,-1289.4658505829898
1472,-1289.4658505829898
1473,-1289.4658505829898
1474,-1289.4658505829898
1475,-1289.4658505829898
1476,-1289.4658505829898
1477,-1289.4658505829898
1478,-1289.4658505829898
1479,-1289.4658505829898
1480,-1289.4658505829898
1481,-1289.4658505829898
1482,-1289.4658505829898
1483,-1289.4658505829898
1484,-1289.4658505829898
1485,-1289.4658505829898
1486,-1289.4658505829898
1487,-1289.4658505829898
1488,-1289.4658505829898
1489,-1289.4658505829898
1490,-1289.4658505829898
1491,-1289.4658505829898
1492,-1289.4658505829898
1493,-1289.4658505829898
1494,-1289.4658505829898
1495,-1289.4658505829898
1496,-1289.4658505829898
1497,-1289.4658505829898
1498,-1289.4658505829898
1499,-1289.4658505829898
1500,-1289.4658505829898
1501,-1289.4658505829898
1502,-1289.4658505829898
1503,-1289.4658505829898
1504,-1289.4658505829898
1505,-1289.4658505829898
1506,-1289.4658505829898
1507,-1289.4658505829898
1508,-1289.4658505829898
1509,-1289.4658505829898
1510,-1289.4658505829898
1511,-1289.4658505829898
1512,-1289.4658505829898
1513,-1289.4658505829898
1514,-1289.4658505829898
1515,-1289.4658505829898
1516,-1289.4658505829898
1517,-1289.4658505829898
1518,-1289.4658505829898
1519,-1289.4658505829898
1520,-1289.4658505829898
1521,-1289.4658505829898
1522,-1289.4658505829898
1523,-1289.4658505829898
1524,-1289.4658505829898
1525,-1289.4658505829898
1526,-1289.4658505829898
1527,-1289.4658505829898
1528,-1289.4658505829898
1529,-1289.4658505829898
1530,-1289.4658505829898
1531,-1289.4658505829898
1532,-1289.4658505829898
1533,-1289.4658505829898
1534,-1289.4658505829898
1535,-1289.4658505829898
1536,-1289.4658505829898
1537,-1289.4658505829898
1538,-1289.4658505829898
1539,-1289.4658505829898
1540,-1289.4658505829898
1541,-1289.4658505829898
1542,-1289.4658505829898
1543,-1289.4658505829898
1544,-1289.4658505829898
1545,-1289.4658505829898
1546,-1289.4658505829898
1547,-1289.4658505829898
1548,-1289.4658505829898
1549,-1289.4658505829898
1550,-1289.4658505829898
1551,-1289.4658505829898
1552,-1289.4658505829898
1553,-1289.4658505829898
1554,-1289.4658505829898
1555,-1289.4658505829898
1556,-1289.4658505829898
1557,-1289.4658505829898
1558,-1289.4658505829898
1559,-1289.4658505829898
1560,-1289.4658505829898
1561,-1289.4658505829898
1562,-1289.4658505829898
1563,-1289.4658505829898
1564,-1289.4658505829898
1565,-1289.4658505829898
1566,-1289.4658505829898
1567,-1289.4658505829898
1568,-1289.4658505829898
1569,-1289.4658505829898
1570,-1289.4658505829898
1571,-1289.4658505829898
1572,-1289.4658505829898
1573,-1289.4658505829898
1574,-1289.4658505829898
1575,-1289.4658505829898
1576,-1289.4658505829898
1577,-1289.4658505829898
1578,-1289.4658505829898
1579,-1289.4658505829898
1580,-1289.4658505829898
1581,-1289.4658505829898
1582,-1289.4658505829898
1583,-1289.4658505829898
1584,-1289.4658505829898
1585,-1289.4658505829898
1586,-1289.4658505829898
1587,-1289.4658505829898
1588,-1289.4658505829898
1589,-1289.4658505829898
1590,-1289.4658505829898
1591,-1289.4658505829898
1592,-1289.4658505829898
1593,-1289.4658505829898
1594,-1289.4658505829898
1595,-1289.4658505829898
1596,-1289.4658505829898
1597,-1289.4658505829898
1598,-1289.4658505829898
1599,-1289.4658505829898
1600,-1289.4658505829898
1601,-1289.4658505829898
1602,-1289.4658505829898
1603,-1289.4658505829898
1604,-1289.4658505829898
1605,-1289.4658505829898
1606,-1289.4658505829898
1607,-1289.4658505829898
1608,-1289.4658505829898
1609,-1289.4658505829898
1610,-1289.4658505829898
1611,-1289.4658505829898
1612,-1289.4658505829898
1613,-1289.4658505829898
1614,-1289.4658505829898
1615,-1289.4658505829898
1616,-1289.4658505829898
1617,-1289.4658505829898
1618,-1289.4658505829898
1619,-1289.4658505829898
1620,-1289.4658505829898
1621,-1289.4658505829898
1622,-1289.4658505829898
1623,-1289.4658505829898
1624,-1289.4658505829898
1625,-1289.4658505829898
1626,-1289.4658505829898
1627,-1289.4658505829898
1628,-1289.4658505829898
1629,-1289.4658505829898
1630,-1289.4658505829898
1631,-1289.4658505829898
1632,-1289.4658505829898
1633,-1289.4658505829898
1634,-1289.4658505829898
1635,-1289.4658505829898
1636,-1289.4658505829898
1637,-1289.4658505829898
1638,-1289.4658505829898
1639,-1289.4658505829898
1640,-1289.4658505829898
1641,-1289.4658505829898
1642,-1289.4658505829898
1643,-1289.4658505829898
1644,-1289.4658505829898
1645,-1289.4658505829898
1646,-1289.4658505829898
1647,-1289.4658505829898
1648,-1289.4658505829898
1649,-1289.4658505829898
1650,-1289.4658505829898
1651,-1289.4658505829898
1652,-1289.4658505829898
1653,-1289.4658505829898
1654,-1289.4658505829898
1655,-1289.4658505829898
1656,-1289.4658505829898
1657,-1289.4658505829898
1658,-1289.4658505829898
1659,-1289.4658505829898
1660,-1289.4658505829898
1661,-1289.4658505829898
1662,-1289.4658505829898
1663,-1289.4658505829898
1664,-1289.4658505829898
1665,-1289.4658505829898
1666,-1289.4658505829898
1667,-1289.4658505829898
1668,-1289.4658505829898
1669,-1289.4658505829898
1670,-1289.4658505829898
1671,-1289.4658505829898
1672,-1289.4658505829898
1673,-1289.4658505829898
1674,-1289.4658505829898
1675,-1289.4658505829898
1676,-1289.4658505829898
1677,-1289.4658505829898
1678,-1289.4658505829898
1679,-1289.4658505829898
1680,-1289.4658505829898
1681,-1289.4658505829898
1682,-1289.4658505829898
1683,-1289.4658505829898
1684,-1289.4658505829898
1685,-1289.4658505829898
1686,-1289.4658505829898
1687,-1289.4658505829898
1688,-1289.4658505829898
1689,-1289.4658505829898
1690,-1289.4658505829898
1691,-1289.4658505829898
1692,-1289.4658505829898
1693,-1289.4658505829898
1694,-1289.4658505829898
1695,-1289.4658505829898
1696,-1289.4658505829898
1697,-1289.4658505829898
1698,-1289.4658505829898
1699,-1289.4658505829898
1700,-1289.4658505829898
1701,-1289.4658505829898
1702,-1289.4658505829898
1703,-1289.4658505829898
1704,-1289.4658505829898
1705,-1289.4658505829898
1706,-1289.4658505829898
1707,-1289.4658505829898
1708,-1289.4658505829898
1709,-1289.4658505829898
1710,-1289.4658505829898
1711,-1289.4658505829898
1712,-1289.4658505829898
1713,-1289.4658505829898
1714,-1289.4658505829898
1715,-1289.4658505829898
1716,-1289.4658505829898
1717,-1289.4658505829898
1718,-1289.4658505829898
1719,-1289.4658505829898
1720,-1289.4658505829898
1721,-1289.4658505829898
1722,-1289.4658505829898
1723,-1289.4658505829898
1724,-1289.4658505829898
1725,-1289.4658505829898
1726,-1289.4658505829898
1727,-1289.4658505829898
1728,-1289.4658505829898
1729,-1289.4658505829898
1730,-1289.4658505829898
1731,-1289.4658505829898
1732,-1289.4658505829898
1733,-1289.4658505829898
1734,-1289.4658505829898
1735,-1289.4658505829898
1736,-1289.4658505829898
1737,-1289.4658505829898
1738,-1289.4658505829898
1739,-1289.4658505829898
1740,-1289.4658505829898
1741,-1289.4658505829898
1742,-1289.4658505829898
1743,-1289.4658505829898
1744,-1289.4658505829898
1745,-1289.4658505829898
1746,-1289.4658505829898
1747,-1289.4658505829898
1748,-1289.4658505829898
1749,-1289.4658505829898
1750,-1289.4658505829898
1751,-1289.4658505829898
1752,-1289.4658505829898
1753,-1289.4658505829898
1754,-1289.4658505829898
1755,-1289.4658505829898
1756,-1289.4658505829898
1757,-1289.4658505829898
1758,-1289.4658505829898
1759,-1289.4658505829898
1760,-1289.4658505829898
1761,-1289.4658505829898
1762,-1289.4658505829898
1763,-1289.4658505829898
1764,-1289.4658505829898
1765,-1289.4658505829898
1766,-1289.4658505829898
1767,-1289.4658505829898
1768,-1289.4658505829898
1769,-1289.4658505829898
1770,-1289.4658505829898
1771,-1289.4658505829898
1772,-1289.4658505829898
1773,-1289.4658505829898
1774,-1289.4658505829898
1775,-1289.4658505829898
1776,-1289.4658505829898
1777,-1289.4658505829898
1778,-1289.4658505829898
1779,-1289.4658505829898
1780,-1289.4658505829898
1781,-1289.4658505829898
1782,-1289.4658505829898
1783,-1289.4658505829898
1784,-1289.4658505829898
1785,-1289.4658505829898
1786,-1289.4658505829898
1787,-1289.4658505829898
1788,-1289.4658505829898
1789,-1289.4658505829898
1790,-1289.4658505829898
1791,-1289.4658505829898
1792,-1289.4658505829898
1793,-1289.4658505829898
1794,-1289.4658505829898
1795,-1289.4658505829898
1796,-1289.4658505829898
1797,-1289.4658505829898
1798,-1289.4658505829898
1799,-1289.4658505829898
1800,-1289.4658505829898
1801,-1289.4658505829898
1802,-1289.4658505829898
1803,-1289.4658505829898
1804,-1289.4658505829898
1805,-1289.4658505829898
1806,-1289.4658505829898
1807,-1289.4658505829898
1808,-1289.4658505829898
1809,-1289.4658505829898
1810,-1289.4658505829898
1811,-1289.4658505829898
1812,-1289.4658505829898
1813,-1289.4658505829898
1814,-1289.4658505829898
1815,-1289.4658505829898
1816,-1289.4658505829898
1817,-1289.4658505829898
1818,-1289.4658505829898
1819,-1289.4658505829898
1820,-1289.4658505829898
1821,-1289.4658505829898
1822,-1289.4658505829898
1823,-1289.4658505829898
1824,-1289.4658505829898
1825,-1289.4658505829898
1826,-1289.4658505829898
1827,-1289.4658505829898
1828,-1289.4658505829898
1829,-1289.4658505829898
1830,-1289.4658505829898
1831,-1289.4658505829898
1832,-1289.4658505829898
1833,-1289.4658505829898
1834,-1289.4658505829898
1835,-1289.4658505829898
1836,-1289.4658505829898
1837,-1289.4658505829898
1838,-1289.4658505829898
1839,-1289.4658505829898
1840,-1289.4658505829898
1841,-1289.4658505829898
1842,-1289.4658505829898
1843,-1289.4658505829898
1844,-1289.4658505829898
1845,-1289.4658505829898
1846,-1289.4658505829898
1847,-1289.4658505829898
1848,-1289.4658505829898
1849,-1289.4658505829898
1850,-1289.4658505829898
1851,-1289.4658505829898
1852,-1289.4658505829898
1853,-1289.4658505829898
1854,-1289.4658505829898
1855,-1289.4658505829898
1856,-1289.4658505829898
1857,-1289.4658505829898
1858,-1289.4658505829898
1859,-1289.4658505829898
1860,-1289.4658505829898
1861,-1289.4658505829898
1862,-1289.4658505829898
1863,-1289.4658505829898
1864,-1289.4658505829898
1865,-1289.4658505829898
1866,-1289.4658505829898
1867,-1289.4658505829898
1868,-1289.4658505829898
1869,-1289.4658505829898
1870,-1289.4658505829898
1871,-1289.4658505829898
1872,-1289.4658505829898
1873,-1289.4658505829898
1874,-1289.4658505829898
1875,-1289.4658505829898
1876,-1289.4658505829898
1877,-1289.4658505829898
1878,-1289.4658505829898
1879,-1289.4658505829898
1880,-1289.4658505829898
1881,-1289.4658505829898
1882,-1289.4658505829898
1883,-1289.4658505829898
1884,-1289.4658505829898
1885,-1289.4658505829898
1886,-1289.4658505829898
1887,-1289.4658505829898
1888,-1289.4658505829898
1889,-1289.4658505829898
1890,-1289.4658505829898
1891,-1289.4658505829898
1892,-1289.4658505829898
1893,-1289.4658505829898
1894,-1289.4658505829898
1895,-1289.4658505829898
1896,-1289.4658505829898
1897,-1289.4658505829898
1898,-1289.4658505829898
1899,-1289.4658505829898
1900,-1289.4658505829898
1901,-1289.4658505829898
1902,-1289.4658505829898
1903,-1289.4658505829898
1904,-1289.4658505829898
1905,-1289.4658505829898
1906,-1289.4658505829898
1907,-1289.4658505829898
1908,-1289.4658505829898
1909,-1289.4658505829898
1910,-1289.4658505829898
1911,-1289.4658505829898
1912,-1289.4658505829898
1913,-1289.4658505829898
1914,-1289.4658505829898
1915,-1289.4658505829898
1916,-1289.4658505829898
1917,-1289.4658505829898
1918,-1289.4658505829898
1919,-1289.4658505829898
1920,-1289.4658505829898
1921,-1289.4658505829898
1922,-1289.4658505829898
1923,-1289.4658505829898
1924,-1289.4658505829898
1925,-1289.4658505829898
1926,-1289.4658505829898
1927,-1289.4658505829898
1928,-1289.4658505829898
1929,-1289.4658505829898
1930,-1289.4658505829898
1931,-1289.4658505829898
1932,-1289.4658505829898
1933,-1289.4658505829898
1934,-1289.4658505829898
1935,-1289.4658505829898
1936,-1289.4658505829898
1937,-1289.4658505829898
1938,-1289.4658505829898
1939,-1289.4658505829898
1940,-1289.4658505829898
1941,-1289.4658505829898
1942,-1289.4658505829898
1943,-1289.4658505829898
1944,-1289.4658505829898
1945,-1289.4658505829898
1946,-1289.4658505829898
1947,-1289.4658505829898
1948,-1289.4658505829898
1949,-1289.4658505829898
1950,-1289.4658505829898
1951,-1289.4658505829898
1952,-1289.4658505829898
1953,-1289.4658505829898
1954,-1289.4658505829898
1955,-1289.4658505829898
1956,-1289.4658505829898
1957,-1289.4658505829898
1958,-1289.4658505829898
1959,-1289.4658505829898
1960,-1289.4658505829898
1961,-1289.4658505829898
1962,-1289.4658505829898
1963,-1289.4658505829898
1964,-1289.4658505829898
1965,-1289.4658505829898
1966,-1289.4658505829898
1967,-1289.4658505829898
1968,-1289.4658505829898
1969,-1289.4658505829898
1970,-1289.4658505829898
1971,-1289.4658505829898
1972,-1289.4658505829898
1973,-1289.4658505829898
1974,-1289.4658505829898
1975,-1289.4658505829898
1976,-1289.4658505829898
1977,-1289.4658505829898
1978,-1289.4658505829898
1979,-1289.4658505829898
1980,-1289.4658505829898
1981,-1289.4658505829898
1982,-1289.4658505829898
1983,-1289.4658505829898
1984,-1289.4658505829898
1985,-1289.4658505829898
1986,-1289.4658505829898
1987,-1289.4658505829898
1988,-1289.4658505829898
1989,-1289.4658505829898
1990,-1289.4658505829898
1991,-1289.4658505829898
1992,-1289.4658505829898
1993,-1289.4658505829898
1994,-1289.4658505829898
1995,-1289.4658505829898
1996,-1289.4658505829898
1997,-1289.4658505829898
1998,-1289.4658505829898
1999,-1289.4658505829898
